,Code,Name,Country,Exchange,Currency,Type,Isin
0,AAB.TO,Aberdeen International Inc,Canada,TO,CAD,Common Stock,CA0030691012
1,AAV.TO,Advantage Energy Ltd,Canada,TO,CAD,Common Stock,CA00791P1071
2,ABST.TO,Absolute Software Corporation,Canada,TO,CAD,Common Stock,CA00386B1094
3,ABX.TO,Barrick Gold Corporation,Canada,TO,CAD,Common Stock,CA0679011084
4,AC.TO,Air Canada,Canada,TO,CAD,Common Stock,CA0089118776
5,ACB.TO,Aurora Cannabis Inc,Canada,TO,CAD,Common Stock,CA05156X8843
6,ACD.TO,Accord Financial Corp,Canada,TO,CAD,Common Stock,CA00435L1085
7,ACO-X.TO,ATCO Ltd,Canada,TO,CAD,Common Stock,CA0467894006
8,ACQ.TO,AutoCanada Inc,Canada,TO,CAD,Common Stock,CA05277B2093
9,AD-UN.TO,Alaris Equity Partners Income Trust,Canada,TO,CAD,Common Stock,
10,ADCO.TO,Adcore Inc,Canada,TO,CAD,Common Stock,CA00654B1040
11,ADN.TO,Acadian Timber Corp,Canada,TO,CAD,Common Stock,CA0042721005
12,ADW-A.TO,Andrew Peller Limited,Canada,TO,CAD,Common Stock,
13,ADW-B.TO,Andrew Peller Limited,Canada,TO,CAD,Common Stock,
14,AEG.TO,Aegis Brands Inc,Canada,TO,CAD,Common Stock,CA00775H1055
15,AEM.TO,Agnico Eagle Mines Limited,Canada,TO,CAD,Common Stock,CA0084741085
16,AEZS.TO,Aeterna Zentaris Inc,Canada,TO,CAD,Common Stock,CA0079754028
17,AFN.TO,Ag Growth International Inc,Canada,TO,CAD,Common Stock,CA0011811068
18,AGF-B.TO,AGF Management Limited,Canada,TO,CAD,Common Stock,
19,AGI.TO,Alamos Gold Inc,Canada,TO,CAD,Common Stock,CA0115321089
20,AGR-UN.TO,Sustainable Agriculture & Wellness Dividend Fund,Canada,TO,CAD,Common Stock,
21,AH.TO,Aleafia Health Inc,Canada,TO,CAD,Common Stock,CA01444Q1046
22,AHC.TO,Apollo Healthcare Corp,Canada,TO,CAD,Common Stock,CA0376311084
23,AI.TO,Atrium Mortgage Investment Corporation,Canada,TO,CAD,Common Stock,CA04964G1000
24,AIF.TO,Altus Group Limited,Canada,TO,CAD,Common Stock,CA02215R1073
25,AII.TO,Almonty Industries Inc,Canada,TO,CAD,Common Stock,CA0203981034
26,AIM.TO,Aimia Inc,Canada,TO,CAD,Common Stock,CA00900Q1037
27,AJX.TO,AgJunction Inc,Canada,TO,CAD,Common Stock,CA00847V1085
28,AKT-A.TO,AKITA Drilling Ltd,Canada,TO,CAD,Common Stock,
29,AKU.TO,Akumin Inc,Canada,TO,CAD,Common Stock,CA01021F1099
30,ALA.TO,AltaGas Ltd,Canada,TO,CAD,Common Stock,CA0213611001
31,ALA-PB.TO,ALA-PB,Canada,TO,CAD,Common Stock,
32,ALA-PE.TO,AltaGas Ltd,Canada,TO,CAD,Common Stock,
33,ALA-PG.TO,AltaGas Ltd,Canada,TO,CAD,Common Stock,
34,ALA-PH.TO,AltaGas Ltd,Canada,TO,CAD,Common Stock,
35,ALA-PK.TO,AltaGas Ltd,Canada,TO,CAD,Common Stock,
36,ALA-PU.TO,AltaGas Ltd,Canada,TO,USD,Common Stock,
37,ALC.TO,Algoma Central Corporation,Canada,TO,CAD,Common Stock,CA0156441077
38,ALS.TO,Altius Minerals Corporation,Canada,TO,CAD,Common Stock,CA0209361009
39,ALYA.TO,Alithya Group Inc,Canada,TO,CAD,Common Stock,CA01643B1067
40,AMM.TO,Almaden Minerals Ltd,Canada,TO,CAD,Common Stock,CA0202833053
41,AND.TO,Andlauer Healthcare Group Inc,Canada,TO,CAD,Common Stock,CA0342231077
42,ANRG.TO,Anaergia Inc,Canada,TO,CAD,Common Stock,
43,ANX.TO,Anaconda Mining Inc,Canada,TO,CAD,Common Stock,CA03240P2070
44,AOI.TO,Africa Oil Corp,Canada,TO,CAD,Common Stock,CA00829Q1019
45,AOT.TO,Ascot Resources Ltd,Canada,TO,CAD,Common Stock,CA04364G1063
46,AP-UN.TO,Allied Properties Real Estate Investment Trust,Canada,TO,CAD,Common Stock,CA0194561027
47,APLI.TO,Appili Therapeutics Inc,Canada,TO,CAD,Common Stock,CA03783R1073
48,APR-UN.TO,Automotive Properties Real Estate Investment Trust,Canada,TO,CAD,Common Stock,
49,APS.TO,Aptose Biosciences Inc,Canada,TO,CAD,Common Stock,CA03835T2002
50,APY.TO,Anglo Pacific Group plc,Canada,TO,CAD,Common Stock,GB0006449366
51,AQA.TO,Aquila Resources Inc,Canada,TO,CAD,Common Stock,CA03841G1019
52,AQN.TO,Algonquin Power & Utilities Corp,Canada,TO,CAD,Common Stock,CA0158571053
53,AQN-PD.TO,AQN-PD,Canada,TO,CAD,Common Stock,
54,AR.TO,Argonaut Gold Inc,Canada,TO,CAD,Common Stock,CA04016A1012
55,ARB.TO,Accelerate Arbitrage Fund,Canada,TO,CAD,Common Stock,
56,ARE.TO,Aecon Group Inc,Canada,TO,CAD,Common Stock,CA00762V1094
57,ARG.TO,Amerigo Resources Ltd,Canada,TO,CAD,Common Stock,CA03074G1090
58,ARIS.TO,Aris Gold Corp,Canada,TO,CAD,Common Stock,CA04040X1015
59,ARX.TO,ARC Resources Ltd,Canada,TO,CAD,Common Stock,CA00208D4084
60,ASM.TO,Avino Silver & Gold Mines Ltd,Canada,TO,CAD,Common Stock,CA0539061030
61,ASND.TO,Ascendant Resources Inc,Canada,TO,CAD,Common Stock,CA0435041094
62,ASP.TO,Acerus Pharmaceuticals Corporation,Canada,TO,CAD,Common Stock,CA00444G1081
63,AT.TO,AcuityAds Holdings Inc,Canada,TO,CAD,Common Stock,CA00510L1067
64,ATA.TO,ATS Automation Tooling Systems Inc,Canada,TO,CAD,Common Stock,CA0019401052
65,ATD-A.TO,Alimentation Couche-Tard Inc,Canada,TO,CAD,Common Stock,
66,ATD-B.TO,Alimentation Couche-Tard Inc,Canada,TO,CAD,Common Stock,CA01626P4033
67,ATE.TO,Antibe Therapeutics Inc.,Canada,TO,CAD,Common Stock,CA0370255097
68,ATH.TO,Athabasca Oil Corporation,Canada,TO,CAD,Common Stock,CA04682R1073
69,ATSX.TO,Accelerate Enhanced Canadian Benchmark Alternative Fund,Canada,TO,CAD,Common Stock,CA00436P1080
70,ATZ.TO,Aritzia Inc,Canada,TO,CAD,Common Stock,CA04045U1021
71,AUMN.TO,Golden Minerals Company,Canada,TO,CAD,Common Stock,US3811191069
72,AVCN.TO,Avicanna Inc,Canada,TO,CAD,Common Stock,CA05368K1003
73,AVL.TO,Avalon Advanced Materials Inc,Canada,TO,CAD,Common Stock,CA05337L3048
74,AVNT.TO,Avant Brands Inc,Canada,TO,CAD,Common Stock,CA05353D1033
75,AVP.TO,Avcorp Industries Inc,Canada,TO,CAD,Common Stock,CA05354K3047
76,AW-UN.TO,A&W Revenue Royalties Income Fund,Canada,TO,CAD,Common Stock,
77,AX-PI.TO,Artis Real Estate Investment Trust,Canada,TO,CAD,Common Stock,
78,AX-UN.TO,Artis Real Estate Investment Trust,Canada,TO,CAD,Common Stock,CA04315L1058
79,AXU.TO,Alexco Resource Corp,Canada,TO,CAD,Common Stock,CA01535P1062
80,AYA.TO,Aya Gold & Silver Inc,Canada,TO,CAD,Common Stock,CA05466C1095
81,AYM.TO,Atalaya Mining Plc,Canada,TO,CAD,Common Stock,CY0106002112
82,AZG.TO,Arizona Gold Corp,Canada,TO,CAD,Common Stock,CA04053A1057
83,AZZ.TO,Azarga Uranium Corp,Canada,TO,CAD,Common Stock,CA05477Y1088
84,BAM-A.TO,Brookfield Asset Management Inc,Canada,TO,CAD,Common Stock,CA1125851040
85,BAM-PFE.TO,Brookfield Asset Management Inc,Canada,TO,CAD,Common Stock,
86,BAM-PFF.TO,Brookfield Asset Management Inc. PREF SR 40 CL A,Canada,TO,CAD,Common Stock,
87,BAM-PFH.TO,Brookfield Asset Management Inc. PFD SHS A SR44,Canada,TO,CAD,Common Stock,
88,BAM-PFI.TO,Brookfield Asset Management Inc,Canada,TO,CAD,Common Stock,
89,BAM-PFJ.TO,Brookfield Asset Management Inc. PFD SR 48 CL A,Canada,TO,CAD,Common Stock,
90,BAM-PN.TO,BAM-PN,Canada,TO,CAD,Common Stock,
91,BAMR.TO,Brookfield Asset Management Reinsurance Partners Ltd,Canada,TO,CAD,Common Stock,BMG161691073
92,BB.TO,BlackBerry Limited,Canada,TO,CAD,Common Stock,CA09228F1036
93,BBD-A.TO,Bombardier Inc,Canada,TO,CAD,Common Stock,
94,BBD-B.TO,Bombardier Inc,Canada,TO,CAD,Common Stock,CA0977512007
95,BBD-PB.TO,Bombardier Inc,Canada,TO,CAD,Common Stock,
96,BBD-PD.TO,Bombardier Inc,Canada,TO,CAD,Common Stock,
97,BBL-A.TO,Brampton Brick Limited,Canada,TO,CAD,Common Stock,
98,BBTV.TO,BBTV Holdings Inc,Canada,TO,CAD,Common Stock,CA05551N1015
99,BBU-UN.TO,Brookfield Business Partners L.P,Canada,TO,CAD,Common Stock,BMG162341090
100,BCE.TO,BCE Inc,Canada,TO,CAD,Common Stock,CA05534B7604
101,BCE-PL.TO,BCE Inc,Canada,TO,CAD,Common Stock,
102,BCE-PM.TO,BCE Inc,Canada,TO,CAD,Common Stock,
103,BCE-PN.TO,BCE Inc,Canada,TO,CAD,Common Stock,
104,BCE-PO.TO,BCE Inc,Canada,TO,CAD,Common Stock,
105,BCE-PQ.TO,BCE Inc,Canada,TO,CAD,Common Stock,
106,BCE-PR.TO,BCE Inc,Canada,TO,CAD,Common Stock,
107,BCE-PS.TO,BCE Inc,Canada,TO,CAD,Common Stock,
108,BDEQ.TO,Black Diamond Global Equity Fund,Canada,TO,CAD,Common Stock,
109,BDGI.TO,Badger Infrastructure Solutions Ltd,Canada,TO,CAD,Common Stock,CA0565331026
110,BDI.TO,Black Diamond Group Limited,Canada,TO,CAD,Common Stock,CA09202D2077
111,BDOP.TO,Black Diamond Distressed Opportunities Fund,Canada,TO,CAD,Common Stock,
112,BDT.TO,Bird Construction Inc,Canada,TO,CAD,Common Stock,CA09076P1045
113,BEI-UN.TO,Boardwalk Real Estate Investment Trust,Canada,TO,CAD,Common Stock,CA0966311064
114,BEP-PE.TO,Brookfield Renewable Partners L.P,Canada,TO,CAD,Common Stock,
115,BEP-PG.TO,Brookfield Renewable Partners L.P,Canada,TO,CAD,Common Stock,
116,BEP-PK.TO,Brookfield Renewable Partners L.P,Canada,TO,CAD,Common Stock,
117,BEP-PM.TO,Brookfield Renewable Partners L.P,Canada,TO,CAD,Common Stock,
118,BEP-PO.TO,Brookfield Renewable Partners L.P,Canada,TO,CAD,Common Stock,
119,BEP-UN.TO,Brookfield Renewable Partners L.P,Canada,TO,CAD,Common Stock,BMG162581083
120,BEPC.TO,Brookfield Renewable Corporation,Canada,TO,CAD,Common Stock,CA11284V1058
121,BGI-UN.TO,Brookfield Global Infrastructure Securities Income Fund,Canada,TO,CAD,Common Stock,
122,BHC.TO,Bausch Health Companies Inc,Canada,TO,CAD,Common Stock,CA0717341071
123,BIK-PA.TO,BIP Investment Corporation,Canada,TO,CAD,Common Stock,
124,BIP-PA.TO,Brookfield Infrastructure Partners L.P,Canada,TO,CAD,Common Stock,
125,BIP-PB.TO,Brookfield Infrastructure Partners L.P,Canada,TO,CAD,Common Stock,
126,BIP-PC.TO,Brookfield Infrastructure Partners L.P,Canada,TO,CAD,Common Stock,
127,BIP-PD.TO,Brookfield Infrastructure Partners L.P,Canada,TO,CAD,Common Stock,
128,BIP-PE.TO,Brookfield Infrastructure Partners L.P,Canada,TO,CAD,Common Stock,
129,BIP-PF.TO,Brookfield Infrastructure Partners L.P,Canada,TO,CAD,Common Stock,
130,BIP-UN.TO,Brookfield Infrastructure Partners L.P,Canada,TO,CAD,Common Stock,BMG162521014
131,BIPC.TO,Brookfield Infrastructure Corporation,Canada,TO,CAD,Common Stock,CA11275Q1072
132,BIR.TO,Birchcliff Energy Ltd,Canada,TO,CAD,Common Stock,CA0906971035
133,BK.TO,Canadian Banc Corp,Canada,TO,CAD,Common Stock,CA13536V1076
134,BKI.TO,Black Iron Inc,Canada,TO,CAD,Common Stock,CA09214V1040
135,BL-UN.TO,Global Innovation Dividend Fund,Canada,TO,CAD,Common Stock,
136,BLB-UN.TO,Bloom Select Income Fund,Canada,TO,CAD,Common Stock,
137,BLDP.TO,Ballard Power Systems Inc,Canada,TO,CAD,Common Stock,CA0585861085
138,BLN.TO,Blackline Safety Corp,Canada,TO,CAD,Common Stock,CA0923821007
139,BLU.TO,BELLUS Health Inc,Canada,TO,CAD,Common Stock,CA07987C2040
140,BLX.TO,Boralex Inc,Canada,TO,CAD,Common Stock,CA09950M3003
141,BMO.TO,Bank of Montreal,Canada,TO,CAD,Common Stock,CA0636711016
142,BMO-PA.TO,BMO-PA,Canada,TO,CAD,Common Stock,
143,BMO-PB.TO,Bank of Montreal,Canada,TO,CAD,Common Stock,
144,BMO-PC.TO,Bank of Montreal,Canada,TO,CAD,Common Stock,
145,BMO-PD.TO,Bank of Montreal,Canada,TO,CAD,Common Stock,
146,BMO-PE.TO,Bank of Montreal,Canada,TO,CAD,Common Stock,
147,BMO-PF.TO,BMO-PF,Canada,TO,CAD,Common Stock,
148,BMO-PS.TO,BMO-PS,Canada,TO,CAD,Common Stock,
149,BMO-PT.TO,BMO-PT,Canada,TO,CAD,Common Stock,
150,BMO-PW.TO,Bank of Montreal,Canada,TO,CAD,Common Stock,
151,BMO-PY.TO,Bank of Montreal,Canada,TO,CAD,Common Stock,
152,BND.TO,Purpose Fund Corp. - Purpose Global Bond Fund,Canada,TO,CAD,Common Stock,CA74641B1058
153,BNE.TO,Bonterra Energy Corp,Canada,TO,CAD,Common Stock,CA0985461049
154,BNG.TO,Bengal Energy Ltd,Canada,TO,CAD,Common Stock,CA08184N1006
155,BNK-PA.TO,Big Banc Split Corp,Canada,TO,CAD,Common Stock,
156,BNS.TO,The Bank of Nova Scotia,Canada,TO,CAD,Common Stock,CA0641491075
157,BNS-PH.TO,The Bank of Nova Scotia,Canada,TO,CAD,Common Stock,
158,BNS-PI.TO,The Bank of Nova Scotia,Canada,TO,CAD,Common Stock,
159,BOS.TO,AirBoss of America Corp,Canada,TO,CAD,Common Stock,CA00927V2003
160,BPF-UN.TO,Boston Pizza Royalties Income Fund,Canada,TO,CAD,Common Stock,
161,BPO-PA.TO,Brookfield Office Properties Inc,Canada,TO,CAD,Common Stock,
162,BPO-PC.TO,Brookfield Office Properties Inc,Canada,TO,CAD,Common Stock,
163,BPO-PE.TO,BPO-PE,Canada,TO,CAD,Common Stock,
164,BPO-PG.TO,BPO-PG,Canada,TO,CAD,Common Stock,
165,BPO-PI.TO,Brookfield Office Properties Inc,Canada,TO,CAD,Common Stock,
166,BPO-PS.TO,Brookfield Office Properties Inc,Canada,TO,CAD,Common Stock,
167,BPO-PW.TO,Brookfield Office Properties Inc,Canada,TO,CAD,Common Stock,
168,BPO-PX.TO,Brookfield Office Properties Inc,Canada,TO,CAD,Common Stock,
169,BPO-PY.TO,Brookfield Office Properties Inc,Canada,TO,CAD,Common Stock,
170,BPS-PA.TO,BPS-PA,Canada,TO,CAD,Common Stock,
171,BPS-PB.TO,BPS-PB,Canada,TO,CAD,Common Stock,
172,BPS-PC.TO,BPS-PC,Canada,TO,CAD,Common Stock,
173,BPS-PU.TO,BPS-PU,Canada,TO,USD,Common Stock,
174,BR.TO,Big Rock Brewery Inc,Canada,TO,CAD,Common Stock,CA08947P1036
175,BRAG.TO,Bragg Gaming Group Inc,Canada,TO,CAD,Common Stock,CA1048333068
176,BRE.TO,Bridgemarq Real Estate Services Inc,Canada,TO,CAD,Common Stock,CA10808B1085
177,BRF-PB.TO,Brookfield Renewable Power Preferred Equity Inc,Canada,TO,CAD,Common Stock,
178,BRMI.TO,Boat Rocker Media Inc,Canada,TO,CAD,Common Stock,
179,BRY.TO,Bri-Chem Corp,Canada,TO,CAD,Common Stock,CA10778T1057
180,BSO-UN.TO,Brookfield Select Opportunities Income Fund,Canada,TO,CAD,Common Stock,
181,BSX.TO,Belo Sun Mining Corp,Canada,TO,CAD,Common Stock,CA0805581091
182,BTB-UN.TO,BTB Real Estate Investment Trust,Canada,TO,CAD,Common Stock,
183,BTE.TO,Baytex Energy Corp,Canada,TO,CAD,Common Stock,CA07317Q1054
184,BTO.TO,B2Gold Corp,Canada,TO,CAD,Common Stock,CA11777Q2099
185,BU.TO,Burcon NutraScience Corporation,Canada,TO,CAD,Common Stock,CA1208311029
186,BUA-UN.TO,Bloom U.S. Income & Growth Fund,Canada,TO,CAD,Common Stock,
187,BUI.TO,Buhler Industries Inc,Canada,TO,CAD,Common Stock,CA1199181001
188,BYD.TO,Boyd Group Services Inc,Canada,TO,CAD,Common Stock,CA1033101082
189,BYL.TO,Baylin Technologies Inc,Canada,TO,CAD,Common Stock,CA0728191051
190,CAE.TO,CAE Inc,Canada,TO,CAD,Common Stock,CA1247651088
191,CALL.TO,Evolve US Banks Enhanced Yield Fund Hedged Units,Canada,TO,CAD,Common Stock,CA30051C1086
192,CALL-U.TO,Evolve US Banks Enhanced Yield Fund,Canada,TO,USD,Common Stock,
193,CAR-UN.TO,Canadian Apartment Properties Real Estate Investment Trust,Canada,TO,CAD,Common Stock,CA1349211054
194,CARE.TO,Dialogue Health Technologies Inc,Canada,TO,CAD,Common Stock,CA25249F1045
195,CARS.TO,Evolve Automobile Innovation Index Fund - Hedged Units,Canada,TO,CAD,Common Stock,CA30052J1021
196,CAS.TO,Cascades Inc,Canada,TO,CAD,Common Stock,CA1469001053
197,CBD-U.TO,Hempfusion Wellness Inc,Canada,TO,USD,Common Stock,
198,CCA.TO,Cogeco Communications Inc,Canada,TO,CAD,Common Stock,CA19239C1068
199,CCBI.TO,CIBC Canadian Bond Index Fund,Canada,TO,CAD,Common Stock,
200,CCL-B.TO,CCL Industries Inc,Canada,TO,CAD,Common Stock,CA1249003098
201,CCM.TO,Canagold Resources Ltd,Canada,TO,CAD,Common Stock,CA1368421014
202,CCO.TO,Cameco Corporation,Canada,TO,CAD,Common Stock,CA13321L1085
203,CDAY.TO,Ceridian HCM Holding Inc,Canada,TO,CAD,Common Stock,US15677J1088
204,CEE.TO,Centamin plc,Canada,TO,CAD,Common Stock,JE00B5TT1872
205,CEF.TO,Sprott Physical Gold and Silver Trust,Canada,TO,CAD,Common Stock,CA85208R1010
206,CEF-U.TO,Sprott Physical Gold and Silver Trust,Canada,TO,USD,Common Stock,
207,CERV.TO,Cervus Equipment Corporation,Canada,TO,CAD,Common Stock,CA15712L1004
208,CET.TO,Cathedral Energy Services Ltd,Canada,TO,CAD,Common Stock,CA14916J1021
209,CEU.TO,CES Energy Solutions Corp,Canada,TO,CAD,Common Stock,CA15713J1049
210,CF.TO,Canaccord Genuity Group Inc,Canada,TO,CAD,Common Stock,CA1348011091
211,CFF.TO,Conifex Timber Inc,Canada,TO,CAD,Common Stock,CA2073241044
212,CFP.TO,Canfor Corporation,Canada,TO,CAD,Common Stock,CA1375761048
213,CFW.TO,Calfrac Well Services Ltd,Canada,TO,CAD,Common Stock,CA1295844056
214,CFX.TO,Canfor Pulp Products Inc,Canada,TO,CAD,Common Stock,CA1375842079
215,CG.TO,Centerra Gold Inc,Canada,TO,CAD,Common Stock,CA1520061021
216,CGG.TO,China Gold International Resources Corp. Ltd,Canada,TO,CAD,Common Stock,CA16890P1036
217,CGI.TO,Canadian General Investments Limited,Canada,TO,CAD,Common Stock,CA1358251074
218,CGI-PD.TO,CGI-PD,Canada,TO,CAD,Common Stock,
219,CGO.TO,Cogeco Inc,Canada,TO,CAD,Common Stock,CA19238T1003
220,CGT.TO,Orea Mining Corp,Canada,TO,CAD,Common Stock,
221,CGX.TO,Cineplex Inc,Canada,TO,CAD,Common Stock,CA1724541000
222,CGY.TO,Calian Group Ltd,Canada,TO,CAD,Common Stock,CA12989J1084
223,CHP-UN.TO,Choice Properties Real Estate Investment Trust,Canada,TO,CAD,Common Stock,CA17039A1066
224,CHR.TO,Chorus Aviation Inc,Canada,TO,CAD,Common Stock,CA17040T3001
225,CHW.TO,Chesswood Group Limited,Canada,TO,CAD,Common Stock,CA16550A1075
226,CIA.TO,Champion Iron Limited,Canada,TO,CAD,Common Stock,AU000000CIA2
227,CIGI.TO,Colliers International Group Inc,Canada,TO,CAD,Common Stock,CA1946931070
228,CIQ-UN.TO,Canadian High Income Equity Fund,Canada,TO,CAD,Common Stock,
229,CIX.TO,CI Financial Corp,Canada,TO,CAD,Common Stock,CA1254911003
230,CJ.TO,Cardinal Energy Ltd,Canada,TO,CAD,Common Stock,CA14150G4007
231,CJR-B.TO,Corus Entertainment Inc,Canada,TO,CAD,Common Stock,CA2208741017
232,CJT.TO,Cargojet Inc,Canada,TO,CAD,Common Stock,CA14179V5036
233,CKI.TO,Clarke Inc,Canada,TO,CAD,Common Stock,CA1819013071
234,CLIQ.TO,Alcanna Inc,Canada,TO,CAD,Common Stock,CA01374C1095
235,CLML.TO,CI Global Climate Leaders Fund,Canada,TO,CAD,Common Stock,
236,CLMT.TO,Purpose Global Climate Opportunities Fund,Canada,TO,CAD,Common Stock,
237,CLP-UN.TO,International Clean Power Dividend Fund,Canada,TO,CAD,Common Stock,
238,CLS.TO,Celestica Inc,Canada,TO,CAD,Common Stock,CA15101Q1081
239,CM.TO,Canadian Imperial Bank of Commerce,Canada,TO,CAD,Common Stock,CA1360691010
240,CM-PO.TO,CM-PO,Canada,TO,CAD,Common Stock,
241,CM-PP.TO,Canadian Imperial Bank of Commerce,Canada,TO,CAD,Common Stock,
242,CM-PQ.TO,Canadian Imperial Bank of Commerce,Canada,TO,CAD,Common Stock,
243,CM-PR.TO,Canadian Imperial Bank of Commerce,Canada,TO,CAD,Common Stock,
244,CM-PS.TO,CM-PS,Canada,TO,CAD,Common Stock,
245,CM-PT.TO,Canadian Imperial Bank of Commerce,Canada,TO,CAD,Common Stock,
246,CM-PY.TO,Canadian Imperial Bank of Commerce,Canada,TO,CAD,Common Stock,
247,CMDO.TO,CI Alternative Diversified Opportunities Fund,Canada,TO,CAD,Common Stock,
248,CMG.TO,Computer Modelling Group Ltd,Canada,TO,CAD,Common Stock,CA2052491057
249,CMGG.TO,CI Munro Global Growth Equity Fund,Canada,TO,CAD,Common Stock,
250,CMMC.TO,Copper Mountain Mining Corporation,Canada,TO,CAD,Common Stock,CA21750U1012
251,CNAO.TO,CI Alternative North American Opportunities Fund,Canada,TO,CAD,Common Stock,
252,CNE.TO,Canacol Energy Ltd,Canada,TO,CAD,Common Stock,CA1348082035
253,CNQ.TO,Canadian Natural Resources Limited,Canada,TO,CAD,Common Stock,CA1363851017
254,CNR.TO,Canadian National Railway Company,Canada,TO,CAD,Common Stock,CA1363751027
255,CNT.TO,Century Global Commodities Corporation,Canada,TO,CAD,Common Stock,KYG2029R1065
256,CNU.TO,CNOOC Limited,Canada,TO,CAD,Common Stock,US1261321095
257,COG.TO,Condor Gold Plc,Canada,TO,CAD,Common Stock,GB00B8225591
258,CP.TO,Canadian Pacific Railway Limited,Canada,TO,CAD,Common Stock,CA13645T1003
259,CPG.TO,Crescent Point Energy Corp,Canada,TO,CAD,Common Stock,CA22576C1014
260,CPH.TO,Cipher Pharmaceuticals Inc,Canada,TO,CAD,Common Stock,CA17253X1050
261,CPI.TO,Condor Petroleum Inc,Canada,TO,CAD,Common Stock,CA20676X3067
262,CPX.TO,Capital Power Corporation,Canada,TO,CAD,Common Stock,CA14042M1023
263,CPX-PG.TO,Capital Power Corporation,Canada,TO,CAD,Common Stock,
264,CPX-PI.TO,Capital Power Corporation,Canada,TO,CAD,Common Stock,
265,CPX-PK.TO,Capital Power Corporation,Canada,TO,CAD,Common Stock,
266,CR.TO,Crew Energy Inc,Canada,TO,CAD,Common Stock,CA2265331074
267,CRDL.TO,Cardiol Therapeutics Inc,Canada,TO,CAD,Common Stock,CA14161Y2006
268,CRED.TO,CI Alternative Investment Grade Credit Fund,Canada,TO,CAD,Common Stock,CA17164R1064
269,CRON.TO,Cronos Group Inc,Canada,TO,CAD,Common Stock,CA22717L1013
270,CRP.TO,Ceres Global Ag Corp,Canada,TO,CAD,Common Stock,CA1567701091
271,CRR-UN.TO,Crombie Real Estate Investment Trust,Canada,TO,CAD,Common Stock,CA2271071094
272,CRRX.TO,CareRx Corporation,Canada,TO,CAD,Common Stock,CA14173C1059
273,CRT-UN.TO,CT Real Estate Investment Trust,Canada,TO,CAD,Common Stock,CA1264621006
274,CRWN.TO,Crown Capital Partners Inc,Canada,TO,CAD,Common Stock,CA22821L1040
275,CS.TO,Capstone Mining Corp,Canada,TO,CAD,Common Stock,CA14068G1046
276,CSH-UN.TO,Chartwell Retirement Residences,Canada,TO,CAD,Common Stock,CA16141A1030
277,CSM.TO,ClearStream Energy Services Inc,Canada,TO,CAD,Common Stock,CA18506V1022
278,CSU.TO,Constellation Software Inc,Canada,TO,CAD,Common Stock,CA21037X1006
279,CSW-A.TO,Corby Spirit and Wine Limited,Canada,TO,CAD,Common Stock,
280,CSW-B.TO,Corby Spirit and Wine Limited,Canada,TO,CAD,Common Stock,
281,CTC.TO,Canadian Tire Corporation Limited,Canada,TO,CAD,Common Stock,CA1366812024
282,CTC-A.TO,Canadian Tire Corporation Limited,Canada,TO,CAD,Common Stock,CA1366812024
283,CTF-UN.TO,Citadel Income Fund,Canada,TO,CAD,Common Stock,
284,CTS.TO,Converge Technology Solutions Corp,Canada,TO,CAD,Common Stock,CA21250C1068
285,CTX.TO,Crescita Therapeutics Inc,Canada,TO,CAD,Common Stock,CA2258471028
286,CU.TO,Canadian Utilities Limited,Canada,TO,CAD,Common Stock,CA1367178326
287,CU-PH.TO,Canadian Utilities Limited,Canada,TO,CAD,Common Stock,
288,CU-PI.TO,Canadian Utilities Limited,Canada,TO,CAD,Common Stock,
289,CU-X.TO,Canadian Utilities Limited,Canada,TO,CAD,Common Stock,CA1367171057
290,CUB.TO,CubicFarm Systems Corp.,Canada,TO,CAD,Common Stock,
291,CUF-UN.TO,Cominar Real Estate Investment Trust,Canada,TO,CAD,Common Stock,CA1999101001
292,CUP-U.TO,Caribbean Utilities Company Ltd,Canada,TO,USD,Common Stock,
293,CVE.TO,Cenovus Energy Inc,Canada,TO,CAD,Common Stock,CA15135U1093
294,CVE-PA.TO,Cenovus Energy Inc,Canada,TO,CAD,Common Stock,
295,CVE-PB.TO,Cenovus Energy Inc,Canada,TO,CAD,Common Stock,
296,CVE-PC.TO,Cenovus Energy Inc,Canada,TO,CAD,Common Stock,
297,CVE-PE.TO,Cenovus Energy Inc,Canada,TO,CAD,Common Stock,
298,CVE-PG.TO,Cenovus Energy Inc,Canada,TO,CAD,Common Stock,
299,CVG.TO,Clairvest Group Inc,Canada,TO,CAD,Common Stock,CA17965L1004
300,CWB.TO,Canadian Western Bank,Canada,TO,CAD,Common Stock,CA13677F1018
301,CWB-PD.TO,Canadian Western Bank,Canada,TO,CAD,Common Stock,
302,CWEB.TO,Charlotte's Web Holdings Inc,Canada,TO,CAD,Common Stock,CA16106R1091
303,CWEB-WR.TO,CWEB-WR,Canada,TO,CAD,Common Stock,
304,CWL.TO,The Caldwell Partners International Inc,Canada,TO,CAD,Common Stock,CA12913L2030
305,CWX.TO,CanWel Building Materials Group Ltd,Canada,TO,CAD,Common Stock,CA25703L1004
306,CXB.TO,Calibre Mining Corp,Canada,TO,CAD,Common Stock,CA13000C2058
307,CXI.TO,Currency Exchange International Corp,Canada,TO,CAD,Common Stock,US23131B3078
308,CYB.TO,Cymbria Corporation,Canada,TO,CAD,Common Stock,CA23257X1096
309,CYBR.TO,Evolve Cyber Security Index Fund - Hedged Units,Canada,TO,CAD,Common Stock,CA30051R1055
310,D-UN.TO,Dream Office Real Estate Investment Trust,Canada,TO,CAD,Common Stock,CA26153P1045
311,DBM.TO,Doman Building Materials Group Ltd,Canada,TO,CAD,Common Stock,CA25703L1004
312,DBO.TO,D-BOX Technologies Inc,Canada,TO,CAD,Common Stock,CA23305P1080
313,DC-A.TO,Dundee Corporation,Canada,TO,CAD,Common Stock,
314,DC-PD.TO,Dundee Corporation,Canada,TO,CAD,Common Stock,
315,DCBO.TO,Docebo Inc,Canada,TO,CAD,Common Stock,CA25609L1058
316,DCM.TO,DATA Communications Management Corp,Canada,TO,CAD,Common Stock,CA23761M1023
317,DF.TO,Dividend 15 Split Corp. II,Canada,TO,CAD,Common Stock,CA25537W1086
318,DFN.TO,Dividend 15 Split Corp,Canada,TO,CAD,Common Stock,CA25537R1091
319,DGS.TO,Dividend Growth Split Corp,Canada,TO,CAD,Common Stock,CA25537Y1043
320,DHT-U.TO,DRI Healthcare Trust,Canada,TO,USD,Common Stock,
321,DHT-UN.TO,DRI Healthcare Trust,Canada,TO,CAD,Common Stock,
322,DIAM.TO,Star Diamond Corporation,Canada,TO,CAD,Common Stock,CA85511Y1088
323,DII-B.TO,Dorel Industries Inc,Canada,TO,CAD,Common Stock,
324,DIR-UN.TO,Dream Industrial Real Estate Investment Trust,Canada,TO,CAD,Common Stock,CA26153W1095
325,DIV.TO,Diversified Royalty Corp,Canada,TO,CAD,Common Stock,CA2553311002
326,DIVS.TO,Evolve Active Canadian Preferred Share Fund,Canada,TO,CAD,Common Stock,CA30052A1012
327,DML.TO,Denison Mines Corp,Canada,TO,CAD,Common Stock,CA2483561072
328,DN.TO,Delta 9 Cannabis Inc,Canada,TO,CAD,Common Stock,CA2477541049
329,DND.TO,Dye & Durham Limited,Canada,TO,CAD,Common Stock,CA2674881040
330,DNG.TO,Dynacor Gold Mines Inc,Canada,TO,CAD,Common Stock,CA26779X1015
331,DNT.TO,Candente Copper Corp,Canada,TO,CAD,Common Stock,CA13739Y3041
332,DNTL.TO,dentalcorp Holdings Ltd,Canada,TO,CAD,Common Stock,CA24874B1085
333,DOL.TO,Dollarama Inc,Canada,TO,CAD,Common Stock,CA25675T1075
334,DOO.TO,BRP Inc,Canada,TO,CAD,Common Stock,CA05577W2004
335,DPM.TO,Dundee Precious Metals Inc,Canada,TO,CAD,Common Stock,CA2652692096
336,DR.TO,Medical Facilities Corporation,Canada,TO,CAD,Common Stock,CA58457V5036
337,DRDR.TO,MCI Onehealth Technologies Inc,Canada,TO,CAD,Common Stock,CA58118M1086
338,DRM.TO,Dream Unlimited Corp,Canada,TO,CAD,Common Stock,CA26153M5072
339,DRT.TO,DIRTT Environmental Solutions Ltd,Canada,TO,CAD,Common Stock,CA25490H1064
340,DRX.TO,ADF Group Inc,Canada,TO,CAD,Common Stock,CA00089N1033
341,DS.TO,Dividend Select 15 Corp,Canada,TO,CAD,Common Stock,CA2553801077
342,DSG.TO,The Descartes Systems Group Inc,Canada,TO,CAD,Common Stock,CA2499061083
343,DXT.TO,Dexterra Group Inc,Canada,TO,CAD,Common Stock,CA2523711091
344,DXV.TO,Dynamic Trust Funds - Dynamic Investment Grade Floating Rate Fund,Canada,TO,CAD,Common Stock,CA26801N1050
345,DYA.TO,dynaCERT Inc,Canada,TO,CAD,Common Stock,CA26780A1084
346,E.TO,Enterprise Group Inc,Canada,TO,CAD,Common Stock,CA29373A3038
347,EARN.TO,Evolve Active Global Fixed Income Fund,Canada,TO,CAD,Common Stock,CA30053B1085
348,ECA.TO,Ovintiv Inc,Canada,TO,CAD,Common Stock,
349,ECN.TO,ECN Capital Corp,Canada,TO,CAD,Common Stock,CA26829L1076
350,ECN-PC.TO,ECN Capital Corp,Canada,TO,CAD,Common Stock,
351,ECO.TO,EcoSynthetix Inc,Canada,TO,CAD,Common Stock,CA27923D1087
352,EDGE.TO,Evolve Innovation Index Fund,Canada,TO,CAD,Common Stock,CA30052W1032
353,EDR.TO,Endeavour Silver Corp,Canada,TO,CAD,Common Stock,CA29258Y1034
354,EDT.TO,Spectral Medical Inc,Canada,TO,CAD,Common Stock,CA8475771033
355,EDV.TO,Endeavour Mining plc,Canada,TO,CAD,Common Stock,GB00BL6K5J42
356,EFL.TO,Electrovaya Inc,Canada,TO,CAD,Common Stock,CA28617B1013
357,EFN.TO,Element Fleet Management Corp,Canada,TO,CAD,Common Stock,CA2861812014
358,EFN-PA.TO,Element Fleet Management Corp,Canada,TO,CAD,Common Stock,
359,EFN-PC.TO,Element Fleet Management Corp,Canada,TO,CAD,Common Stock,
360,EFN-PI.TO,Element Fleet Management Corp,Canada,TO,CAD,Common Stock,
361,EFR.TO,Energy Fuels Inc,Canada,TO,CAD,Common Stock,CA2926717083
362,EFX.TO,Enerflex Ltd,Canada,TO,CAD,Common Stock,CA29269R1055
363,EGIF.TO,Exemplar Growth and Income Fund,Canada,TO,CAD,Common Stock,CA30170L1040
364,EGLX.TO,Enthusiast Gaming Holdings Inc,Canada,TO,CAD,Common Stock,CA29385B1094
365,EIF.TO,Exchange Income Corporation,Canada,TO,CAD,Common Stock,CA3012831077
366,EIT-PA.TO,Canoe EIT Income Fund,Canada,TO,CAD,Common Stock,
367,EIT-PB.TO,Canoe EIT Income Fund,Canada,TO,CAD,Common Stock,
368,EIT-UN.TO,Canoe EIT Income Fund,Canada,TO,CAD,Common Stock,
369,ELD.TO,Eldorado Gold Corporation,Canada,TO,CAD,Common Stock,CA2849025093
370,ELEF.TO,Silver Elephant Mining Corp,Canada,TO,CAD,Common Stock,CA82770L1094
371,ELF.TO,E-L Financial Corporation Limited,Canada,TO,CAD,Common Stock,CA2685751075
372,ELR.TO,Eastern Platinum Limited,Canada,TO,CAD,Common Stock,CA2768555096
373,EMA.TO,Emera Incorporated,Canada,TO,CAD,Common Stock,CA2908761018
374,EMA-PB.TO,EMA-PB,Canada,TO,CAD,Common Stock,
375,EMA-PF.TO,Emera Incorporated,Canada,TO,CAD,Common Stock,
376,EMA-PH.TO,Emera Incorporated,Canada,TO,CAD,Common Stock,
377,EMP-A.TO,Empire Company Limited,Canada,TO,CAD,Common Stock,CA2918434077
378,ENB.TO,Enbridge Inc,Canada,TO,CAD,Common Stock,CA29250N1050
379,ENB-PA.TO,ENB-PA,Canada,TO,CAD,Common Stock,
380,ENB-PC.TO,Enbridge Inc,Canada,TO,CAD,Common Stock,
381,ENB-PFA.TO,Enbridge Inc,Canada,TO,CAD,Common Stock,
382,ENB-PFC.TO,Enbridge Inc,Canada,TO,CAD,Common Stock,
383,ENB-PFE.TO,Enbridge Inc. PREF SER 13,Canada,TO,CAD,Common Stock,
384,ENB-PFG.TO,Enbridge Inc,Canada,TO,CAD,Common Stock,
385,ENB-PFI.TO,Enbridge Inc,Canada,TO,CAD,Common Stock,
386,ENB-PFK.TO,Enbridge Inc. CUM RED PFD 19,Canada,TO,CAD,Common Stock,
387,ENB-PFU.TO,Enbridge Inc,Canada,TO,USD,Common Stock,
388,ENB-PFV.TO,Enbridge Inc,Canada,TO,USD,Common Stock,
389,ENB-PJ.TO,Enbridge Inc,Canada,TO,CAD,Common Stock,
390,ENB-PU.TO,Enbridge Inc,Canada,TO,USD,Common Stock,
391,ENB-PV.TO,Enbridge Inc,Canada,TO,USD,Common Stock,
392,ENGH.TO,Enghouse Systems Limited,Canada,TO,CAD,Common Stock,CA2929491041
393,ENS.TO,E Split Corp,Canada,TO,CAD,Common Stock,CA26916F1045
394,ENS-PA.TO,E Split Corp,Canada,TO,CAD,Common Stock,
395,EOX.TO,Euromax Resources Ltd,Canada,TO,CAD,Common Stock,CA29873T3073
396,EPRX.TO,Eupraxia Pharmaceuticals Inc,Canada,TO,CAD,Common Stock,
397,EQB.TO,Equitable Group Inc,Canada,TO,CAD,Common Stock,CA2945051027
398,EQB-PC.TO,Equitable Group Inc,Canada,TO,CAD,Common Stock,
399,EQX.TO,Equinox Gold Corp,Canada,TO,CAD,Common Stock,CA29446Y5020
400,ERD.TO,Erdene Resource Development Corporation,Canada,TO,CAD,Common Stock,CA29480N2068
401,ERE-UN.TO,European Residential Real Estate Investment Trust,Canada,TO,CAD,Common Stock,
402,ERF.TO,Enerplus Corporation,Canada,TO,CAD,Common Stock,CA2927661025
403,ERO.TO,Ero Copper Corp,Canada,TO,CAD,Common Stock,CA2960061091
404,ESI.TO,Ensign Energy Services Inc,Canada,TO,CAD,Common Stock,CA2935701078
405,ESM.TO,Euro Sun Mining Inc,Canada,TO,CAD,Common Stock,CA29872L2066
406,ESN.TO,Essential Energy Services Ltd,Canada,TO,CAD,Common Stock,CA29669R1010
407,ET.TO,Evertz Technologies Limited,Canada,TO,CAD,Common Stock,CA30041N1078
408,ETG.TO,Entrée Resources Ltd,Canada,TO,CAD,Common Stock,CA29384J1030
409,ETX.TO,Etrion Corporation,Canada,TO,CAD,Common Stock,CA29786T1057
410,EVT.TO,Economic Investment Trust Limited,Canada,TO,CAD,Common Stock,CA2788931020
411,EXE.TO,Extendicare Inc,Canada,TO,CAD,Common Stock,CA30224T8639
412,EXN.TO,Excellon Resources Inc,Canada,TO,CAD,Common Stock,CA30069C8016
413,EXRO.TO,Exro Technologies Inc,Canada,TO,CAD,Common Stock,CA30222R1091
414,FAF.TO,Fire & Flower Holdings Corp,Canada,TO,CAD,Common Stock,CA3181081074
415,FAP.TO,Aberdeen Asia-Pacific Income Investment Company Limited,Canada,TO,CAD,Common Stock,CK0012422947
416,FAR.TO,Foraco International SA,Canada,TO,CAD,Common Stock,FR0010492199
417,FC.TO,Firm Capital Mortgage Investment Corporation,Canada,TO,CAD,Common Stock,CA3183231024
418,FCR-UN.TO,First Capital Real Estate Investment Trust,Canada,TO,CAD,Common Stock,
419,FCU.TO,Fission Uranium Corp,Canada,TO,CAD,Common Stock,CA33812R1091
420,FDGE.TO,Farmers Edge Inc,Canada,TO,CAD,Common Stock,CA30957Q1028
421,FEC.TO,Frontera Energy Corporation,Canada,TO,CAD,Common Stock,CA35905B1076
422,FF.TO,First Mining Gold Corp,Canada,TO,CAD,Common Stock,CA3208901064
423,FFH.TO,Fairfax Financial Holdings Limited,Canada,TO,CAD,Common Stock,CA3039011026
424,FFH-PD.TO,Fairfax Financial Holdings Limited,Canada,TO,CAD,Common Stock,
425,FFH-PF.TO,Fairfax Financial Holdings Limited,Canada,TO,CAD,Common Stock,
426,FFH-PH.TO,Fairfax Financial Holdings Limited,Canada,TO,CAD,Common Stock,
427,FFH-PJ.TO,Fairfax Financial Holdings Limited,Canada,TO,CAD,Common Stock,
428,FFH-PM.TO,Fairfax Financial Holdings Limited,Canada,TO,CAD,Common Stock,
429,FFI-UN.TO,Flaherty & Crumrine Investment Grade Preferred Income Fund,Canada,TO,CAD,Common Stock,
430,FFN.TO,North American Financial 15 Split Corp,Canada,TO,CAD,Common Stock,CA65685J3010
431,FFN-PA.TO,FFN-PA,Canada,TO,CAD,Common Stock,
432,FIH-U.TO,Fairfax India Holdings Corporation,Canada,TO,USD,Common Stock,
433,FLOT.TO,Purpose Floating Rate Income Fund,Canada,TO,CAD,Common Stock,CA74642Q1019
434,FLOW.TO,Flow Beverage Corp,Canada,TO,CAD,Common Stock,CA34344J1021
435,FM.TO,First Quantum Minerals Ltd,Canada,TO,CAD,Common Stock,CA3359341052
436,FN.TO,First National Financial Corporation,Canada,TO,CAD,Common Stock,CA33564P1036
437,FN-PB.TO,FN-PB,Canada,TO,CAD,Common Stock,
438,FNV.TO,Franco-Nevada Corporation,Canada,TO,CAD,Common Stock,CA3518581051
439,FOOD.TO,Goodfood Market Corp,Canada,TO,CAD,Common Stock,CA38217M1005
440,FORA.TO,VerticalScope Holdings Inc,Canada,TO,CAD,Common Stock,CA92537Y1043
441,FORZ.TO,Oryx Petroleum Corporation Limited,Canada,TO,CAD,Common Stock,CA34987V1076
442,FR.TO,First Majestic Silver Corp,Canada,TO,CAD,Common Stock,CA32076V1031
443,FRII.TO,Freshii Inc,Canada,TO,CAD,Common Stock,CA35805P1071
444,FRU.TO,Freehold Royalties Ltd,Canada,TO,CAD,Common Stock,CA3565001086
445,FRX.TO,Fennec Pharmaceuticals Inc,Canada,TO,CAD,Common Stock,CA31447P1009
446,FSB.TO,CI Enhanced Short Duration Bond Fund,Canada,TO,CAD,Common Stock,CA12559E1097
447,FSV.TO,FirstService Corporation,Canada,TO,CAD,Common Stock,CA33767E2024
448,FSY.TO,Forsys Metals Corp,Canada,TO,CAD,Common Stock,CA34660G1046
449,FSZ.TO,Fiera Capital Corporation,Canada,TO,CAD,Common Stock,CA31660A1030
450,FT.TO,Fortune Minerals Limited,Canada,TO,CAD,Common Stock,CA34967D1015
451,FTG.TO,Firan Technology Group Corporation,Canada,TO,CAD,Common Stock,CA3180931014
452,FTN.TO,Financial 15 Split Corp,Canada,TO,CAD,Common Stock,CA3175043064
453,FTRP.TO,Field Trip Health Ltd,Canada,TO,CAD,Common Stock,CA31656R1029
454,FTS.TO,Fortis Inc,Canada,TO,CAD,Common Stock,CA3495531079
455,FTS-PI.TO,Fortis Inc,Canada,TO,CAD,Common Stock,
456,FTS-PM.TO,Fortis Inc,Canada,TO,CAD,Common Stock,
457,FTT.TO,Finning International Inc,Canada,TO,CAD,Common Stock,CA3180714048
458,FTU.TO,US Financial 15 Split Corp,Canada,TO,CAD,Common Stock,CA90341H5078
459,FTU-PB.TO,FTU-PB,Canada,TO,CAD,Common Stock,
460,FURY.TO,Fury Gold Mines Limited,Canada,TO,CAD,Common Stock,CA36117T1003
461,FVI.TO,Fortuna Silver Mines Inc,Canada,TO,CAD,Common Stock,CA3499151080
462,FVL.TO,Freegold Ventures Limited,Canada,TO,CAD,Common Stock,CA3564552048
463,FXC.TO,FAX Capital Corp,Canada,TO,CAD,Common Stock,CA31210A3064
464,GATO.TO,Gatos Silver Inc,Canada,TO,CAD,Common Stock,US3680361090
465,GAU.TO,Galiano Gold Inc,Canada,TO,CAD,Common Stock,CA36352H1001
466,GBAR.TO,Monarch Mining Corp,Canada,TO,CAD,Common Stock,CA6091611047
467,GBT.TO,BMTC Group Inc,Canada,TO,CAD,Common Stock,CA05561N2086
468,GC.TO,Great Canadian Gaming Corporation,Canada,TO,CAD,Common Stock,CA3899141020
469,GCG.TO,Guardian Capital Group Limited,Canada,TO,CAD,Common Stock,CA4013392051
470,GCL.TO,Colabor Group Inc,Canada,TO,CAD,Common Stock,CA1926671035
471,GCM.TO,Gran Colombia Gold Corp,Canada,TO,CAD,Common Stock,CA38501D8089
472,GCSC.TO,Guardian Canadian Sector Controlled Equity Fund,Canada,TO,CAD,Common Stock,
473,GDC.TO,Genesis Land Development Corp,Canada,TO,CAD,Common Stock,CA37183V1022
474,GDG-UN.TO,Global Dividend Growers Income Fund,Canada,TO,CAD,Common Stock,
475,GDI.TO,GDI Integrated Facility Services Inc,Canada,TO,CAD,Common Stock,CA3615692058
476,GDL.TO,Goodfellow Inc,Canada,TO,CAD,Common Stock,CA38216R1001
477,GDV.TO,Global Dividend Growth Split Corp,Canada,TO,CAD,Common Stock,CA3794441020
478,GDV-PA.TO,Global Dividend Growth Split Corp,Canada,TO,CAD,Common Stock,
479,GEC-UN.TO,Global Real Estate & E-Commerce Dividend Fund,Canada,TO,CAD,Common Stock,
480,GEI.TO,Gibson Energy Inc,Canada,TO,CAD,Common Stock,CA3748252069
481,GENM.TO,Generation Mining Limited,Canada,TO,CAD,Common Stock,CA37149B1094
482,GEO.TO,Geodrill Limited,Canada,TO,CAD,Common Stock,IM00B3RLCZ58
483,GFL.TO,GFL Environmental Inc,Canada,TO,CAD,Common Stock,CA36168Q1046
484,GGA.TO,Goldgroup Mining Inc,Canada,TO,CAD,Common Stock,CA38141A1075
485,GGD.TO,GoGold Resources Inc,Canada,TO,CAD,Common Stock,CA38045Y1025
486,GH.TO,Gamehost Inc,Canada,TO,CAD,Common Stock,CA36468B1040
487,GIB-A.TO,CGI Inc,Canada,TO,CAD,Common Stock,CA12532H1047
488,GIL.TO,Gildan Activewear Inc,Canada,TO,CAD,Common Stock,CA3759161035
489,GLG.TO,GLG Life Tech Corporation,Canada,TO,CAD,Common Stock,CA3617932015
490,GLO.TO,Global Atomic Corporation,Canada,TO,CAD,Common Stock,CA37957M1068
491,GLXY.TO,Galaxy Digital Holdings Ltd,Canada,TO,CAD,Common Stock,KYG370921069
492,GMP.TO,GMP Capital Inc,Canada,TO,CAD,Common Stock,CA74971G1046
493,GMX.TO,Globex Mining Enterprises Inc,Canada,TO,CAD,Common Stock,CA3799005093
494,GOLD.TO,GoldMining Inc,Canada,TO,CAD,Common Stock,CA38149E1016
495,GOOS.TO,Canada Goose Holdings Inc,Canada,TO,CAD,Common Stock,CA1350861060
496,GPR.TO,Great Panther Mining Limited,Canada,TO,CAD,Common Stock,CA39115V1013
497,GRA.TO,NanoXplore Inc,Canada,TO,CAD,Common Stock,CA63010G1000
498,GRC.TO,Gold Springs Resource Corp,Canada,TO,CAD,Common Stock,CA3807211006
499,GRID.TO,Tantalus Systems Holding Inc,Canada,TO,CAD,Common Stock,CA87601F1062
500,GRN.TO,Greenlane Renewables Inc,Canada,TO,CAD,Common Stock,CA3953321096
501,GRT-UN.TO,Granite Real Estate Investment Trust,Canada,TO,CAD,Common Stock,CA3874371147
502,GSC.TO,Golden Star Resources Ltd,Canada,TO,CAD,Common Stock,CA38119T8077
503,GSV.TO,Gold Standard Ventures Corp,Canada,TO,CAD,Common Stock,CA3807381049
504,GSY.TO,goeasy Ltd,Canada,TO,CAD,Common Stock,CA3803551074
505,GTE.TO,Gran Tierra Energy Inc,Canada,TO,CAD,Common Stock,US38500T1016
506,GTMS.TO,Greenbrook TMS Inc,Canada,TO,CAD,Common Stock,CA3937043097
507,GUD.TO,Knight Therapeutics Inc,Canada,TO,CAD,Common Stock,CA4990531069
508,GURU.TO,Guru Organic Energy Corp,Canada,TO,CAD,Common Stock,CA36260M1005
509,GVC.TO,Glacier Media Inc,Canada,TO,CAD,Common Stock,CA3763941026
510,GWO.TO,Great-West Lifeco Inc,Canada,TO,CAD,Common Stock,CA39138C1068
511,GWO-PF.TO,GWO-PF,Canada,TO,CAD,Common Stock,
512,GWO-PS.TO,Great-West Lifeco Inc,Canada,TO,CAD,Common Stock,
513,GWO-PT.TO,Great-West Lifeco Inc,Canada,TO,CAD,Common Stock,
514,GWR.TO,Global Water Resources Inc,Canada,TO,CAD,Common Stock,US3794631024
515,GXE.TO,Gear Energy Ltd,Canada,TO,CAD,Common Stock,CA36830P1045
516,H.TO,Hydro One Limited,Canada,TO,CAD,Common Stock,CA4488112083
517,HAI.TO,Haivision Systems Inc,Canada,TO,CAD,Common Stock,CA40531F1009
518,HBC.TO,Hudson's Bay Company,Canada,TO,CAD,Common Stock,CA4442181018
519,HBL-UN.TO,Brand Leaders Income Fund,Canada,TO,CAD,Common Stock,
520,HBM.TO,Hudbay Minerals Inc,Canada,TO,CAD,Common Stock,CA4436281022
521,HBP.TO,Helix BioPharma Corp,Canada,TO,CAD,Common Stock,CA4229101098
522,HCG.TO,Home Capital Group Inc,Canada,TO,CAD,Common Stock,CA4369131079
523,HDGE.TO,Accelerate Absolute Return Hedge Fund,Canada,TO,CAD,Common Stock,CA00435W1041
524,HDI.TO,Hardwoods Distribution Inc,Canada,TO,CAD,Common Stock,CA4124221074
525,HE.TO,Hanwei Energy Services Corp,Canada,TO,CAD,Common Stock,CA4113551002
526,HEXO.TO,HEXO Corp,Canada,TO,CAD,Common Stock,CA4283043079
527,HFPC-U.TO,Helios Fairfax Partners Corporation,Canada,TO,USD,Common Stock,
528,HLF.TO,High Liner Foods Incorporated,Canada,TO,CAD,Common Stock,CA4296951094
529,HLS.TO,HLS Therapeutics Inc,Canada,TO,CAD,Common Stock,CA40390B1094
530,HMM-A.TO,Hammond Manufacturing Company Limited,Canada,TO,CAD,Common Stock,
531,HNL.TO,Dexterra Group Inc,Canada,TO,CAD,Common Stock,CA2523711091
532,HOM-U.TO,BSR Real Estate Investment Trust,Canada,TO,USD,Common Stock,
533,HOM-UN.TO,BSR Real Estate Investment Trust,Canada,TO,CAD,Common Stock,
534,HOT-U.TO,HOT-U,Canada,TO,USD,Common Stock,
535,HOT-UN.TO,American Hotel Income Properties REIT LP,Canada,TO,CAD,Common Stock,
536,HPS-A.TO,Hammond Power Solutions Inc,Canada,TO,CAD,Common Stock,
537,HR-UN.TO,H&R Real Estate Investment Trust,Canada,TO,CAD,Common Stock,CA4039254079
538,HRT.TO,Harte Gold Corp,Canada,TO,CAD,Common Stock,CA4161901067
539,HRX.TO,Héroux-Devtek Inc,Canada,TO,CAD,Common Stock,CA42774L1094
540,HSM.TO,Helius Medical Technologies Inc,Canada,TO,CAD,Common Stock,US42328V6039
541,HUT.TO,Hut 8 Mining Corp,Canada,TO,CAD,Common Stock,CA44812T1021
542,HWO.TO,High Arctic Energy Services Inc,Canada,TO,CAD,Common Stock,CA4296442060
543,HWX.TO,Headwater Exploration Inc,Canada,TO,CAD,Common Stock,CA4220961078
544,HZM.TO,Horizonte Minerals Plc,Canada,TO,CAD,Common Stock,GB00B11DNM70
545,IAF-PB.TO,iA Financial Corporation Inc,Canada,TO,CAD,Common Stock,
546,IAF-PG.TO,iA Financial Corporation Inc,Canada,TO,CAD,Common Stock,
547,IAF-PI.TO,iA Financial Corporation Inc,Canada,TO,CAD,Common Stock,
548,IAG.TO,iA Financial Corporation Inc,Canada,TO,CAD,Common Stock,CA45075E1043
549,IBG.TO,IBI Group Inc,Canada,TO,CAD,Common Stock,CA44925L1031
550,ICE.TO,Canlan Ice Sports Corp,Canada,TO,CAD,Common Stock,CA1376392090
551,ICPB.TO,IA Clarington Core Plus Bond Fund,Canada,TO,CAD,Common Stock,CA44931X1096
552,IDG.TO,Indigo Books & Music Inc,Canada,TO,CAD,Common Stock,CA45567S1083
553,IFA.TO,iFabric Corp,Canada,TO,CAD,Common Stock,CA45172X2032
554,IFC.TO,Intact Financial Corporation,Canada,TO,CAD,Common Stock,CA45823T1066
555,IFC-PD.TO,Intact Financial Corporation,Canada,TO,CAD,Common Stock,
556,IFC-PE.TO,Intact Financial Corporation,Canada,TO,CAD,Common Stock,
557,IFC-PF.TO,Intact Financial Corporation,Canada,TO,CAD,Common Stock,
558,IFC-PG.TO,Intact Financial Corporation,Canada,TO,CAD,Common Stock,
559,IFC-PI.TO,Intact Financial Corporation,Canada,TO,CAD,Common Stock,
560,IFP.TO,Interfor Corporation,Canada,TO,CAD,Common Stock,CA45868C1095
561,IFRF.TO,IA Clarington Floating Rate Income Fund,Canada,TO,CAD,Common Stock,
562,IGAF.TO,IA Clarington Loomis Global Allocation Fund,Canada,TO,CAD,Common Stock,
563,IGB.TO,Purpose Global Bond Class,Canada,TO,CAD,Common Stock,CA74641V1013
564,IGCF.TO,PIMCO Investment Grade Credit Fund (Canada),Canada,TO,CAD,Common Stock,CA72203B1094
565,IGM.TO,IGM Financial Inc,Canada,TO,CAD,Common Stock,CA4495861060
566,III.TO,Imperial Metals Corporation,Canada,TO,CAD,Common Stock,CA4528921022
567,IIP-UN.TO,InterRent Real Estate Investment Trust,Canada,TO,CAD,Common Stock,CA46071W2058
568,ILGB.TO,IA Clarington Loomis Global Multisector Bond Fund,Canada,TO,CAD,Common Stock,
569,IMG.TO,IAMGOLD Corporation,Canada,TO,CAD,Common Stock,CA4509131088
570,IMO.TO,Imperial Oil Limited,Canada,TO,CAD,Common Stock,CA4530384086
571,IMP.TO,Intermap Technologies Corporation,Canada,TO,CAD,Common Stock,CA4589774021
572,IMV.TO,IMV Inc,Canada,TO,CAD,Common Stock,CA44974L1031
573,INC-UN.TO,Income Financial Trust,Canada,TO,CAD,Common Stock,
574,INCR-U.TO,InterCure Ltd,Canada,TO,USD,Common Stock,
575,INE.TO,Innergex Renewable Energy Inc,Canada,TO,CAD,Common Stock,CA45790B1040
576,INF-UN.TO,Sustainable Infrastructure Division Fund,Canada,TO,CAD,Common Stock,
577,INO-UN.TO,Inovalis Real Estate Investment Trust,Canada,TO,CAD,Common Stock,
578,INQ.TO,Inscape Corporation,Canada,TO,CAD,Common Stock,CA45769T1021
579,IPCI.TO,Intellipharmaceutics International Inc,Canada,TO,CAD,Common Stock,CA4581733090
580,IPCO.TO,International Petroleum Corporation,Canada,TO,CAD,Common Stock,CA46016U1084
581,IPL.TO,Inter Pipeline Ltd,Canada,TO,CAD,Common Stock,CA45833V1094
582,IPO.TO,InPlay Oil Corp,Canada,TO,CAD,Common Stock,CA45780T2065
583,ISIF.TO,IA Clarington Strategic Income Fund,Canada,TO,CAD,Common Stock,
584,ISV.TO,Information Services Corporation,Canada,TO,CAD,Common Stock,CA45676A1057
585,ITE.TO,I3 Energy PLC,Canada,TO,CAD,Common Stock,GB00BDHXPJ60
586,ITH.TO,International Tower Hill Mines Ltd,Canada,TO,CAD,Common Stock,CA46050R1029
587,ITP.TO,Intertape Polymer Group Inc,Canada,TO,CAD,Common Stock,CA4609191032
588,IVN.TO,Ivanhoe Mines Ltd,Canada,TO,CAD,Common Stock,CA46579R1047
589,IVQ.TO,Invesque Inc,Canada,TO,CAD,Common Stock,
590,JAG.TO,Jaguar Mining Inc,Canada,TO,CAD,Common Stock,CA47009M8896
591,JFS-UN.TO,JFT Strategies Fund,Canada,TO,CAD,Common Stock,
592,JOSE.TO,Josemaria Resources Inc,Canada,TO,CAD,Common Stock,CA48086P1009
593,JOY.TO,Journey Energy Inc,Canada,TO,CAD,Common Stock,CA48113W1023
594,JWEL.TO,Jamieson Wellness Inc,Canada,TO,CAD,Common Stock,CA4707481046
595,K.TO,Kinross Gold Corporation,Canada,TO,CAD,Common Stock,CA4969024047
596,KBL.TO,K-Bro Linen Inc,Canada,TO,CAD,Common Stock,CA48243M1077
597,KEG-UN.TO,The Keg Royalties Income Fund,Canada,TO,CAD,Common Stock,
598,KEI.TO,Kolibri Global Energy Inc,Canada,TO,CAD,Common Stock,CA50043K1093
599,KEL.TO,Kelt Exploration Ltd,Canada,TO,CAD,Common Stock,CA4882951060
600,KEY.TO,Keyera Corp,Canada,TO,CAD,Common Stock,CA4932711001
601,KILO.TO,Purpose Gold Bullion Fund,Canada,TO,CAD,Common Stock,CA74642E3068
602,KILO-B.TO,Purpose Gold Bullion Fund,Canada,TO,CAD,Common Stock,
603,KILO-U.TO,Purpose Gold Bullion Fund,Canada,TO,USD,Common Stock,
604,KITS.TO,Kits Eyecare Ltd,Canada,TO,CAD,Common Stock,CA49804N1042
605,KL.TO,Kirkland Lake Gold Ltd,Canada,TO,CAD,Common Stock,CA49741E1007
606,KLS.TO,Kelso Technologies Inc,Canada,TO,CAD,Common Stock,CA48826D2014
607,KML-PA.TO,Kinder Morgan Canada Limited,Canada,TO,CAD,Common Stock,
608,KML-PC.TO,Kinder Morgan Canada Limited,Canada,TO,CAD,Common Stock,
609,KMP-UN.TO,Killam Apartment Real Estate Investment Trust,Canada,TO,CAD,Common Stock,CA49410M1023
610,KNT.TO,K92 Mining Inc,Canada,TO,CAD,Common Stock,CA4991131083
611,KOR.TO,Corvus Gold Inc,Canada,TO,CAD,Common Stock,CA2210131058
612,KPT.TO,KP Tissue Inc,Canada,TO,CAD,Common Stock,CA48265Y1043
613,KRN.TO,Karnalyte Resources Inc,Canada,TO,CAD,Common Stock,CA4856722083
614,KRR.TO,Karora Resources Inc,Canada,TO,CAD,Common Stock,CA48575L2066
615,KXS.TO,Kinaxis Inc,Canada,TO,CAD,Common Stock,CA49448Q1090
616,L.TO,Loblaw Companies Limited,Canada,TO,CAD,Common Stock,CA5394811015
617,L-PB.TO,Loblaw Companies Limited,Canada,TO,CAD,Common Stock,
618,LABS.TO,MediPharm Labs Corp,Canada,TO,CAD,Common Stock,CA58504D1006
619,LAC.TO,Lithium Americas Corp,Canada,TO,CAD,Common Stock,CA53680Q2071
620,LAM.TO,Laramide Resources Ltd,Canada,TO,CAD,Common Stock,CA51669T1012
621,LAS-A.TO,Lassonde Industries Inc,Canada,TO,CAD,Common Stock,
622,LB.TO,Laurentian Bank of Canada,Canada,TO,CAD,Common Stock,CA51925D1069
623,LB-PH.TO,LB-PH,Canada,TO,CAD,Common Stock,
624,LBS.TO,Life & Banc Split Corp,Canada,TO,CAD,Common Stock,CA53184C1005
625,LCFS.TO,Tidewater Renewables Ltd,Canada,TO,CAD,Common Stock,
626,LCS.TO,Brompton Lifeco Split Corp,Canada,TO,CAD,Common Stock,CA1122161062
627,LEAD.TO,Evolve Future Leadership Hedged,Canada,TO,CAD,Common Stock,
628,LEV.TO,Lion Electric Corp,Canada,TO,CAD,Common Stock,CA5362211040
629,LFE.TO,Canadian Life Companies Split Corp,Canada,TO,CAD,Common Stock,CA1362904007
630,LGD.TO,Liberty Gold Corp,Canada,TO,CAD,Common Stock,CA53056H1047
631,LGO.TO,Largo Resources Ltd,Canada,TO,CAD,Common Stock,CA5171036026
632,LGT-A.TO,Logistec Corporation,Canada,TO,CAD,Common Stock,
633,LIF.TO,Labrador Iron Ore Royalty Corporation,Canada,TO,CAD,Common Stock,CA5054401073
634,LIFE.TO,Evolve Global Healthcare Enhanced Yield Fund Hedged Units,Canada,TO,CAD,Common Stock,CA30051T1012
635,LIFE-U.TO,Evolve Global Healthcare Enhanced Yield Fund,Canada,TO,USD,Common Stock,
636,LMNL.TO,Liminal BioSciences Inc,Canada,TO,CAD,Common Stock,CA53272L1031
637,LN.TO,Loncor Gold Inc,Canada,TO,CAD,Common Stock,CA54180A1066
638,LNF.TO,Leon's Furniture Limited,Canada,TO,CAD,Common Stock,CA5266821092
639,LNR.TO,Linamar Corporation,Canada,TO,CAD,Common Stock,CA53278L1076
640,LOCL.TO,Freshlocal Solutions Inc,Canada,TO,CAD,Common Stock,CA35805C1068
641,LPEN.TO,Loop Energy Inc,Canada,TO,CAD,Common Stock,CA54352E1007
642,LSPD.TO,Lightspeed POS Inc,Canada,TO,CAD,Common Stock,CA53229C1077
643,LSPK.TO,LifeSpeak Inc,Canada,TO,CAD,Common Stock,
644,LUC.TO,Lucara Diamond Corp,Canada,TO,CAD,Common Stock,CA54928Q1081
645,LUG.TO,Lundin Gold Inc,Canada,TO,CAD,Common Stock,CA5503711080
646,LUN.TO,Lundin Mining Corporation,Canada,TO,CAD,Common Stock,CA5503721063
647,LWRK.TO,LifeWorks Inc,Canada,TO,CAD,Common Stock,CA53227W1059
648,LXR.TO,LXRandCo Inc,Canada,TO,CAD,Common Stock,CA5507891011
649,LYD.TO,Lydian International Limited,Canada,TO,CAD,Common Stock,JE00B29LFF73
650,MAG.TO,MAG Silver Corp,Canada,TO,CAD,Common Stock,CA55903Q1046
651,MAGT.TO,Magnet Forensics Inc,Canada,TO,CAD,Common Stock,CA55940P1018
652,MAL.TO,Magellan Aerospace Corporation,Canada,TO,CAD,Common Stock,CA5589122004
653,MARI.TO,Marimaca Copper Corp,Canada,TO,CAD,Common Stock,CA56783M1068
654,MAV.TO,MAV Beauty Brands Inc,Canada,TO,CAD,Common Stock,CA57767U1066
655,MAW.TO,Mawson Gold Limited,Canada,TO,CAD,Common Stock,CA5777891006
656,MAXR.TO,Maxar Technologies Inc,Canada,TO,CAD,Common Stock,US57778K1051
657,MBA.TO,CIBT Education Group Inc,Canada,TO,CAD,Common Stock,CA17163Y1025
658,MBCN.TO,MindBeacon Holdings Inc,Canada,TO,CAD,Common Stock,CA60255X1033
659,MBN.TO,MBN Corporation,Canada,TO,CAD,Common Stock,CA55278P1036
660,MBX.TO,Microbix Biosystems Inc,Canada,TO,CAD,Common Stock,CA59501P1045
661,MCB.TO,McCoy Global Inc,Canada,TO,CAD,Common Stock,CA57980Q1063
662,MDC-UN.TO,Digital Consumer Dividend Fund,Canada,TO,CAD,Common Stock,
663,MDF.TO,mdf commerce inc,Canada,TO,CAD,Common Stock,CA55283M1032
664,MDI.TO,Major Drilling Group International Inc,Canada,TO,CAD,Common Stock,CA5609091031
665,MDNA.TO,Medicenna Therapeutics Corp,Canada,TO,CAD,Common Stock,CA58490H1073
666,MDP.TO,Medexus Pharmaceuticals Inc,Canada,TO,CAD,Common Stock,CA58410Q2036
667,MDS-UN.TO,Healthcare Special Opportunities Fund,Canada,TO,CAD,Common Stock,
668,ME.TO,Moneta Porcupine Mines Inc,Canada,TO,CAD,Common Stock,CA6092861096
669,MEG.TO,MEG Energy Corp,Canada,TO,CAD,Common Stock,CA5527041084
670,MEQ.TO,Mainstreet Equity Corp,Canada,TO,CAD,Common Stock,CA5609151009
671,MFC.TO,Manulife Financial Corporation,Canada,TO,CAD,Common Stock,CA56501R1064
672,MFC-PN.TO,Manulife Financial Corporation,Canada,TO,CAD,Common Stock,
673,MFC-PP.TO,MFC-PP,Canada,TO,CAD,Common Stock,
674,MFC-PQ.TO,MFC-PQ,Canada,TO,CAD,Common Stock,
675,MFC-PR.TO,Manulife Financial Corporation,Canada,TO,CAD,Common Stock,
676,MFI.TO,Maple Leaf Foods Inc,Canada,TO,CAD,Common Stock,CA5649051078
677,MG.TO,Magna International Inc,Canada,TO,CAD,Common Stock,CA5592224011
678,MGA.TO,Mega Uranium Ltd,Canada,TO,CAD,Common Stock,CA58516W1041
679,MHC-U.TO,Flagship Communities Real Estate Investment Trust,Canada,TO,USD,Common Stock,
680,MI-UN.TO,Minto Apartment Real Estate Investment Trust,Canada,TO,CAD,Common Stock,CA60448E1034
681,MIN.TO,Excelsior Mining Corp,Canada,TO,CAD,Common Stock,CA3007632084
682,MKP.TO,MCAN Mortgage Corporation,Canada,TO,CAD,Common Stock,CA5791761086
683,MMP-UN.TO,Precious Metals And Mining Trust,Canada,TO,CAD,Common Stock,
684,MMX.TO,Maverix Metals Inc,Canada,TO,CAD,Common Stock,CA57776F4050
685,MND.TO,Mandalay Resources Corporation,Canada,TO,CAD,Common Stock,CA5625684025
686,MNS.TO,Royal Canadian Mint - Canadian Silver Reserves,Canada,TO,CAD,Common Stock,CA7799211130
687,MNT.TO,Royal Canadian Mint - Canadian Gold Reserves,Canada,TO,CAD,Common Stock,CA7799211056
688,MNT-U.TO,MNT-U,Canada,TO,CAD,Common Stock,
689,MOGO.TO,Mogo Inc,Canada,TO,CAD,Common Stock,CA60800C1095
690,MOZ.TO,Marathon Gold Corporation,Canada,TO,CAD,Common Stock,CA56580Q1028
691,MPC.TO,Madison Pacific Properties Inc,Canada,TO,CAD,Common Stock,CA5579031017
692,MPC-C.TO,Madison Pacific Properties Inc,Canada,TO,CAD,Common Stock,
693,MPCT-UN.TO,Dream Impact Trust,Canada,TO,CAD,Common Stock,
694,MPVD.TO,Mountain Province Diamonds Inc,Canada,TO,CAD,Common Stock,CA62426E4022
695,MR-UN.TO,Melcor Real Estate Investment Trust,Canada,TO,CAD,Common Stock,
696,MRC.TO,Morguard Corporation,Canada,TO,CAD,Common Stock,CA6175771014
697,MRD.TO,Melcor Developments Ltd,Canada,TO,CAD,Common Stock,CA5854671032
698,MRE.TO,Martinrea International Inc,Canada,TO,CAD,Common Stock,CA5734591046
699,MRG-UN.TO,Morguard North American Residential Real Estate Investment Trust,Canada,TO,CAD,Common Stock,CA61761E1007
700,MRT-UN.TO,Morguard Real Estate Investment Trust,Canada,TO,CAD,Common Stock,
701,MRU.TO,Metro Inc,Canada,TO,CAD,Common Stock,CA59162N1096
702,MRV.TO,Nuvo Pharmaceuticals Inc,Canada,TO,CAD,Common Stock,CA67092F1045
703,MSV.TO,Minco Silver Corporation,Canada,TO,CAD,Common Stock,CA60254C1005
704,MTL.TO,Mullen Group Ltd,Canada,TO,CAD,Common Stock,CA6252841045
705,MTY.TO,MTY Food Group Inc,Canada,TO,CAD,Common Stock,CA55378N1078
706,MUX.TO,McEwen Mining Inc,Canada,TO,CAD,Common Stock,US58039P1075
707,MVP.TO,MediaValet Inc,Canada,TO,CAD,Common Stock,CA58450L3048
708,MX.TO,Methanex Corporation,Canada,TO,CAD,Common Stock,CA59151K1084
709,MXG.TO,Maxim Power Corp,Canada,TO,CAD,Common Stock,CA57773Y2096
710,nan.TO,National Bank of Canada ,Canada,TO,CAD,Common Stock,CA6330671034
711,NA-PA.TO,National Bank of Canada,Canada,TO,CAD,Common Stock,
712,NA-PC.TO,National Bank of Canada,Canada,TO,CAD,Common Stock,
713,NA-PE.TO,National Bank of Canada,Canada,TO,CAD,Common Stock,
714,NA-PG.TO,National Bank of Canada,Canada,TO,CAD,Common Stock,
715,NA-PW.TO,NA-PW,Canada,TO,CAD,Common Stock,
716,NANO.TO,Nano One Materials Corp,Canada,TO,CAD,Common Stock,
717,NB.TO,NioCorp Developments Ltd,Canada,TO,CAD,Common Stock,CA6544841043
718,NCF.TO,Northcliff Resources Ltd,Canada,TO,CAD,Common Stock,CA66401Q1081
719,NCM.TO,Newcrest Mining Ltd,Canada,TO,CAD,Common Stock,AU000000NCM7
720,NCP.TO,Nickel Creek Platinum Corp,Canada,TO,CAD,Common Stock,CA65389F1009
721,NCU.TO,Nevada Copper Corp,Canada,TO,CAD,Common Stock,CA64128F1099
722,NDM.TO,Northern Dynasty Minerals Ltd,Canada,TO,CAD,Common Stock,CA66510M2040
723,NEO.TO,Neo Performance Materials Inc,Canada,TO,CAD,Common Stock,CA64046G1063
724,NEPT.TO,Neptune Wellness Solutions Inc,Canada,TO,CAD,Common Stock,CA64079L1058
725,NEXA.TO,Nexa Resources S.A,Canada,TO,CAD,Common Stock,LU1701428291
726,NEXT.TO,NextSource Materials Inc,Canada,TO,CAD,Common Stock,CA65343M2094
727,NFI.TO,NFI Group Inc,Canada,TO,CAD,Common Stock,CA62910L1022
728,NG.TO,NovaGold Resources Inc,Canada,TO,CAD,Common Stock,CA66987E2069
729,NGD.TO,New Gold Inc,Canada,TO,CAD,Common Stock,CA6445351068
730,NGT.TO,Newmont Corporation,Canada,TO,CAD,Common Stock,US6516391066
731,NHF-UN.TO,Northview Canadian High Yield Residential Fund,Canada,TO,CAD,Common Stock,
732,NHK.TO,Nighthawk Gold Corp,Canada,TO,CAD,Common Stock,CA65412D8098
733,NIF-UN.TO,Noranda Income Fund,Canada,TO,CAD,Common Stock,
734,NOA.TO,North American Construction Group Ltd,Canada,TO,CAD,Common Stock,CA6568111067
735,NOVC.TO,Nova Cannabis Inc,Canada,TO,CAD,Common Stock,CA66980W1041
736,NPF-U.TO,NextPoint Financial Inc,Canada,TO,USD,Common Stock,
737,NPI.TO,Northland Power Inc,Canada,TO,CAD,Common Stock,CA6665111002
738,NPI-PB.TO,NPI-PB,Canada,TO,CAD,Common Stock,
739,NPK.TO,Verde Agritech Plc,Canada,TO,CAD,Common Stock,GB00B23TJD34
740,NRI.TO,Nuvo Pharmaceuticals Inc,Canada,TO,CAD,Common Stock,CA67092F1045
741,NSR.TO,Nomad Royalty Company Ltd,Canada,TO,CAD,Common Stock,CA65532M6062
742,NTR.TO,Nutrien Ltd,Canada,TO,CAD,Common Stock,CA67077M1086
743,NUAG.TO,New Pacific Metals Corp,Canada,TO,CAD,Common Stock,CA64782A1075
744,NVA.TO,NuVista Energy Ltd,Canada,TO,CAD,Common Stock,CA67072Q1046
745,NVCN.TO,Neovasc Inc,Canada,TO,CAD,Common Stock,CA64065J3047
746,NVEI.TO,Nuvei Corporation,Canada,TO,CAD,Common Stock,CA67079A1021
747,NVEI-U.TO,Nuvei Corporation,Canada,TO,USD,Common Stock,
748,NVO.TO,Novo Resources Corp,Canada,TO,CAD,Common Stock,CA67010B1022
749,NWC.TO,The North West Company Inc,Canada,TO,CAD,Common Stock,CA6632782083
750,NWH-UN.TO,NorthWest Healthcare Properties Real Estate Investment Trust,Canada,TO,CAD,Common Stock,CA6674951059
751,NXE.TO,NexGen Energy Ltd,Canada,TO,CAD,Common Stock,CA65340P1062
752,NXJ.TO,NexJ Systems Inc,Canada,TO,CAD,Common Stock,CA65342B1058
753,NXR-UN.TO,Nexus Real Estate Investment Trust,Canada,TO,CAD,Common Stock,
754,NZC.TO,NorZinc Ltd,Canada,TO,CAD,Common Stock,CA66976U1049
755,OBE.TO,Obsidian Energy Ltd,Canada,TO,CAD,Common Stock,CA6744822033
756,OGC.TO,OceanaGold Corporation,Canada,TO,CAD,Common Stock,CA6752221037
757,OGD.TO,Orbit Garant Drilling Inc,Canada,TO,CAD,Common Stock,CA68556N1042
758,OGI.TO,OrganiGram Holdings Inc,Canada,TO,CAD,Common Stock,CA68620P1018
759,OLA.TO,Orla Mining Ltd,Canada,TO,CAD,Common Stock,CA68634K1066
760,OLY.TO,Olympia Financial Group Inc,Canada,TO,CAD,Common Stock,CA6814721065
761,OMI.TO,Orosur Mining Inc,Canada,TO,CAD,Common Stock,CA6871961059
762,ONC.TO,Oncolytics Biotech Inc,Canada,TO,CAD,Common Stock,CA6823108759
763,ONEX.TO,Onex Corporation,Canada,TO,CAD,Common Stock,CA68272K1030
764,OPS.TO,Opsens Inc,Canada,TO,CAD,Common Stock,CA6838231083
765,OPT.TO,Optiva Inc,Canada,TO,CAD,Common Stock,CA68403N3076
766,OR.TO,Osisko Gold Royalties Ltd,Canada,TO,CAD,Common Stock,CA68827L1013
767,ORA.TO,Aura Minerals Inc,Canada,TO,CAD,Common Stock,VGG069731120
768,OREA.TO,Orea Mining Corp,Canada,TO,CAD,Common Stock,CA6857821046
769,ORL.TO,Orocobre Limited,Canada,TO,CAD,Common Stock,AU000000ORE0
770,ORV.TO,Orvana Minerals Corp,Canada,TO,CAD,Common Stock,CA68759M1014
771,OSK.TO,Osisko Mining Inc,Canada,TO,CAD,Common Stock,CA6882811046
772,OSP.TO,Brompton Oil Split Corp,Canada,TO,CAD,Common Stock,CA11222H1010
773,OSP-PA.TO,Brompton Oil Split Corp,Canada,TO,CAD,Common Stock,
774,OTEX.TO,Open Text Corporation,Canada,TO,CAD,Common Stock,CA6837151068
775,OVV.TO,Ovintiv Inc,Canada,TO,CAD,Common Stock,US69047Q1022
776,PAAS.TO,Pan American Silver Corp,Canada,TO,CAD,Common Stock,CA6979001089
777,PAT.TO,Patriot One Technologies Inc,Canada,TO,CAD,Common Stock,CA70339L1085
778,PAYF.TO,Purpose Mutual Funds Limited - Purpose Enhanced Premium Yield Fund,Canada,TO,CAD,Common Stock,CA74642M1005
779,PBD.TO,Purpose Fund Corp. - Purpose Total Return Bond Fund,Canada,TO,CAD,Common Stock,CA74639Y5056
780,PBH.TO,Premium Brands Holdings Corporation,Canada,TO,CAD,Common Stock,CA74061A1084
781,PBI.TO,Purpose Fund Corp. - Purpose Best Ideas Fund,Canada,TO,CAD,Common Stock,CA74640J1093
782,PBL.TO,Pollard Banknote Limited,Canada,TO,CAD,Common Stock,CA73150R1055
783,PBY-UN.TO,Canso Credit Trust - Canso Credit Income Fund,Canada,TO,CAD,Common Stock,
784,PCOR.TO,PIMCO Managed Core Bond Pool,Canada,TO,CAD,Common Stock,
785,PD.TO,Precision Drilling Corporation,Canada,TO,CAD,Common Stock,CA74022D4075
786,PDF.TO,Purpose Fund Corp. - Purpose Core Dividend Fund,Canada,TO,CAD,Common Stock,CA74639Y1097
787,PDV.TO,Prime Dividend Corp,Canada,TO,CAD,Common Stock,CA74161F3043
788,PDV-PA.TO,PDV-PA,Canada,TO,CAD,Common Stock,
789,PEA.TO,Pieridae Energy Limited,Canada,TO,CAD,Common Stock,CA7207861021
790,PET.TO,Pet Valu Holdings Ltd,Canada,TO,CAD,Common Stock,CA71584R1055
791,PEY.TO,Peyto Exploration & Development Corp,Canada,TO,CAD,Common Stock,CA7170461064
792,PFAE.TO,Picton Mahoney Fortified Active Extension Alternative Fund,Canada,TO,CAD,Common Stock,CA72000M1005
793,PFB.TO,PFB Corporation,Canada,TO,CAD,Common Stock,CA69331T1012
794,PFIA.TO,Picton Mahoney Fortified Income Alternative Fund,Canada,TO,CAD,Common Stock,CA71989F1027
795,PFLS.TO,Picton Mahoney Fortified Long Short Alternative Fund,Canada,TO,CAD,Common Stock,
796,PFMN.TO,Picton Mahoney Fortified Market Neutral Alternative Fund,Canada,TO,CAD,Common Stock,CA71989M1077
797,PFMS.TO,Picton Mahoney Fortified Multi-Strategy Alternative Fund,Canada,TO,CAD,Common Stock,CA72000L1022
798,PFSS.TO,Picton Mahoney Fortified Special Situations Alternative Fund,Canada,TO,CAD,Common Stock,
799,PGI-UN.TO,PIMCO Global Incme Opportunities Fund,Canada,TO,CAD,Common Stock,
800,PHE.TO,Purpose Fund Corp. - Purpose Tactical Hedged Equity Fund,Canada,TO,CAD,Common Stock,CA74639Y2087
801,PHW.TO,Purpose Fund Corp. - Purpose International Tactical Hedged Equity Fund,Canada,TO,CAD,Common Stock,CA74640P1053
802,PHX.TO,PHX Energy Services Corp,Canada,TO,CAD,Common Stock,CA69338U1012
803,PHYS.TO,Sprott Physical Gold Trust,Canada,TO,CAD,Common Stock,CA85207H1047
804,PHYS-U.TO,PHYS-U,Canada,TO,USD,Common Stock,
805,PIC-A.TO,Premium Income Corporation,Canada,TO,CAD,Common Stock,
806,PIC-PA.TO,PIC-PA,Canada,TO,CAD,Common Stock,
807,PID.TO,Purpose Fund Corp. - Purpose International Dividend Fund,Canada,TO,CAD,Common Stock,CA74640N1006
808,PIF.TO,Polaris Infrastructure Inc,Canada,TO,CAD,Common Stock,CA73106R1001
809,PINC.TO,Purpose Multi-Asset Income Fund,Canada,TO,CAD,Common Stock,CA74641M1014
810,PIPE.TO,Pipestone Energy Corp,Canada,TO,CAD,Common Stock,CA7241121077
811,PKI.TO,Parkland Corporation,Canada,TO,CAD,Common Stock,CA70137W1086
812,PLC.TO,Park Lawn Corporation,Canada,TO,CAD,Common Stock,CA7005632087
813,PLDI.TO,PIMCO Low Duration Monthly Income Fund (Canada),Canada,TO,CAD,Common Stock,
814,PLZ-UN.TO,Plaza Retail REIT,Canada,TO,CAD,Common Stock,
815,PMB-UN.TO,Picton Mahoney Tactical Income Fund,Canada,TO,CAD,Common Stock,
816,PME.TO,Sentry Select Primary Metals Corp,Canada,TO,CAD,Common Stock,CA81733D1050
817,PMIF.TO,PIMCO Monthly Income Fund (Canada),Canada,TO,CAD,Common Stock,CA72203R1047
818,PMM.TO,Purpose Fund Corp. - Purpose Multi-Strategy Market Neutral Fund,Canada,TO,CAD,Common Stock,CA74640H1038
819,PMN.TO,ProMIS Neurosciences Inc,Canada,TO,CAD,Common Stock,CA74346M1095
820,PMNT.TO,PIMCO Global Short Maturity Fund (Canada),Canada,TO,CAD,Common Stock,CA72203K1093
821,PMT.TO,Perpetual Energy Inc,Canada,TO,CAD,Common Stock,CA7142701217
822,PNC-A.TO,Postmedia Network Canada Corp,Canada,TO,CAD,Common Stock,
823,PNC-B.TO,Postmedia Network Canada Corp,Canada,TO,CAD,Common Stock,
824,PNE.TO,Pine Cliff Energy Ltd,Canada,TO,CAD,Common Stock,CA7225241057
825,PNP.TO,Pinetree Capital Ltd,Canada,TO,CAD,Common Stock,CA7233308583
826,POM.TO,PolyMet Mining Corp,Canada,TO,CAD,Common Stock,CA7319164090
827,POU.TO,Paramount Resources Ltd,Canada,TO,CAD,Common Stock,CA6993202069
828,POW.TO,Power Corporation of Canada,Canada,TO,CAD,Common Stock,CA7392391016
829,POW-PA.TO,POW-PA,Canada,TO,CAD,Common Stock,
830,POW-PB.TO,POW-PB,Canada,TO,CAD,Common Stock,
831,POW-PF.TO,POW-PF,Canada,TO,CAD,Common Stock,
832,PPL.TO,Pembina Pipeline Corporation,Canada,TO,CAD,Common Stock,CA7063271034
833,PPL-PA.TO,Pembina Pipeline Corporation,Canada,TO,CAD,Common Stock,
834,PPL-PC.TO,Pembina Pipeline Corporation,Canada,TO,CAD,Common Stock,
835,PPL-PE.TO,Pembina Pipeline Corporation,Canada,TO,CAD,Common Stock,
836,PPL-PFA.TO,Pembina Pipeline Corporation CUM PFD SER A 21,Canada,TO,CAD,Common Stock,
837,PPL-PFC.TO,Pembina Pipeline Corporation,Canada,TO,CAD,Common Stock,
838,PPL-PFE.TO,Pembina Pipeline Corporation,Canada,TO,CAD,Common Stock,
839,PPL-PG.TO,Pembina Pipeline Corporation,Canada,TO,CAD,Common Stock,
840,PPL-PI.TO,Pembina Pipeline Corporation,Canada,TO,CAD,Common Stock,
841,PPL-PO.TO,Pembina Pipeline Corporation,Canada,TO,CAD,Common Stock,
842,PPL-PQ.TO,Pembina Pipeline Corporation,Canada,TO,CAD,Common Stock,
843,PPL-PS.TO,Pembina Pipeline Corporation,Canada,TO,CAD,Common Stock,
844,PPR.TO,Prairie Provident Resources Inc,Canada,TO,CAD,Common Stock,CA73965Q1028
845,PPTA.TO,Midas Gold Corp.,Canada,TO,CAD,Common Stock,CA7142661031
846,PRA.TO,Purpose Fund Corp. - Purpose Diversified Real Asset Fund,Canada,TO,CAD,Common Stock,CA74639Y4067
847,PRM.TO,Big Pharma Split Corp,Canada,TO,CAD,Common Stock,CA08934P1080
848,PRM-PA.TO,Big Pharma Split Corp,Canada,TO,CAD,Common Stock,
849,PRMW.TO,Primo Water Corporation,Canada,TO,CAD,Common Stock,CA74167P1080
850,PRN.TO,Profound Medical Corp,Canada,TO,CAD,Common Stock,CA74319B5027
851,PRQ.TO,Petrus Resources Ltd,Canada,TO,CAD,Common Stock,CA71678F1080
852,PRU.TO,Perseus Mining Limited,Canada,TO,CAD,Common Stock,AU000000PRU3
853,PRV-UN.TO,Pro Real Estate Investment Trust,Canada,TO,CAD,Common Stock,
854,PSD.TO,Pulse Seismic Inc,Canada,TO,CAD,Common Stock,CA74586Q1090
855,PSI.TO,Pason Systems Inc,Canada,TO,CAD,Common Stock,CA7029251088
856,PSK.TO,PrairieSky Royalty Ltd,Canada,TO,CAD,Common Stock,CA7397211086
857,PSLV.TO,Sprott Physical Silver Trust,Canada,TO,CAD,Common Stock,CA85207K1075
858,PSLV-U.TO,PSLV-U,Canada,TO,USD,Common Stock,
859,PTI-UN.TO,PIMCO Tactical Income Fund,Canada,TO,CAD,Common Stock,
860,PTM.TO,Platinum Group Metals Ltd,Canada,TO,CAD,Common Stock,CA72765Q8829
861,PTO-UN.TO,PIMCO Tactical Income Opportunities Fund,Canada,TO,CAD,Common Stock,
862,PTS.TO,Points International Ltd,Canada,TO,CAD,Common Stock,CA7308432086
863,PVG.TO,Pretium Resources Inc,Canada,TO,CAD,Common Stock,CA74139C1023
864,PVS-PF.TO,PVS-PF,Canada,TO,CAD,Common Stock,
865,PVS-PG.TO,Partners Value Split Corp,Canada,TO,CAD,Common Stock,
866,PVS-PH.TO,Partners Value Split Corp,Canada,TO,CAD,Common Stock,
867,PVS-PI.TO,Partners Value Split Corp,Canada,TO,CAD,Common Stock,
868,PWF.TO,Power Financial Corporation,Canada,TO,CAD,Common Stock,CA73927C1005
869,PWF-PA.TO,Power Financial Corporation,Canada,TO,CAD,Common Stock,
870,PWF-PE.TO,Power Financial Corporation,Canada,TO,CAD,Common Stock,
871,PWF-PF.TO,Power Financial Corporation,Canada,TO,CAD,Common Stock,
872,PWF-PH.TO,PWF-PH,Canada,TO,CAD,Common Stock,
873,PWF-PI.TO,Power Financial Corporation,Canada,TO,CAD,Common Stock,
874,PWF-PQ.TO,Power Financial Corporation,Canada,TO,CAD,Common Stock,
875,PWF-PT.TO,Power Financial Corporation,Canada,TO,CAD,Common Stock,
876,PWF-PZ.TO,Power Financial Corporation,Canada,TO,CAD,Common Stock,
877,PXT.TO,Parex Resources Inc,Canada,TO,CAD,Common Stock,CA69946Q1046
878,PYR.TO,PyroGenesis Canada Inc.,Canada,TO,CAD,Common Stock,CA74734T1049
879,PZA.TO,Pizza Pizza Royalty Corp,Canada,TO,CAD,Common Stock,CA72585V1031
880,QBR-A.TO,Quebecor Inc,Canada,TO,CAD,Common Stock,CA7481931094
881,QBR-B.TO,Quebecor Inc,Canada,TO,CAD,Common Stock,CA7481932084
882,QBTC.TO,Bitcoin Fund Unit,Canada,TO,CAD,Common Stock,CA09175G1046
883,QBTC-U.TO,The Bitcoin Fund Class A,Canada,TO,USD,Common Stock,
884,QEC.TO,Questerre Energy Corporation,Canada,TO,CAD,Common Stock,CA74836K1003
885,QETH-U.TO,The Ether Fund,Canada,TO,USD,Common Stock,
886,QETH-UN.TO,The Ether Fund,Canada,TO,CAD,Common Stock,
887,QSP-UN.TO,Restaurant Brands International Limited Partnership,Canada,TO,CAD,Common Stock,
888,QSR.TO,Restaurant Brands International Inc,Canada,TO,CAD,Common Stock,CA76131D1033
889,QTRH.TO,Quarterhill Inc,Canada,TO,CAD,Common Stock,CA7477131055
890,RA-UN.TO,Middlefield Global Real Asset Fund,Canada,TO,CAD,Common Stock,
891,RATE.TO,Arrow Capital Management Inc. - Arrow EC Income Advantage Alternative Fund,Canada,TO,CAD,Common Stock,
892,RAY-A.TO,Stingray Group Inc,Canada,TO,CAD,Common Stock,
893,RAY-B.TO,Stingray Group Inc,Canada,TO,CAD,Common Stock,
894,RBA.TO,Ritchie Bros. Auctioneers Incorporated,Canada,TO,CAD,Common Stock,CA7677441056
895,RCG.TO,RF Capital Group Inc,Canada,TO,CAD,Common Stock,CA74971G1046
896,RCG-PB.TO,RF Capital Group Inc,Canada,TO,CAD,Common Stock,
897,RCH.TO,Richelieu Hardware Ltd,Canada,TO,CAD,Common Stock,CA76329W1032
898,RCI-A.TO,Rogers Communications Inc,Canada,TO,CAD,Common Stock,CA7751091017
899,RCI-B.TO,Rogers Communications Inc,Canada,TO,CAD,Common Stock,CA7751092007
900,RDL.TO,Redline Communications Group Inc,Canada,TO,CAD,Common Stock,CA7576374002
901,REAL.TO,Real Matters Inc,Canada,TO,CAD,Common Stock,CA75601Y1007
902,RECP.TO,Recipe Unlimited Corporation,Canada,TO,CAD,Common Stock,CA75622P1045
903,REI-UN.TO,RioCan Real Estate Investment Trust,Canada,TO,CAD,Common Stock,CA7669101031
904,RET-A.TO,Reitmans (Canada) Limited,Canada,TO,CAD,Common Stock,
905,RFP.TO,Resolute Forest Products Inc,Canada,TO,CAD,Common Stock,US76117W1099
906,RIB-UN.TO,Ridgewood Canadian Investment Grade Bond Fund,Canada,TO,CAD,Common Stock,
907,RIFI.TO,Russell Investments Fixed Income Pool,Canada,TO,CAD,Common Stock,
908,RIIN.TO,Russell Investments Global Infrastructure Pool,Canada,TO,CAD,Common Stock,
909,RIRA.TO,Russell Investments Real Assets,Canada,TO,CAD,Common Stock,
910,RNW.TO,TransAlta Renewables Inc,Canada,TO,CAD,Common Stock,CA8934631091
911,ROOT.TO,Roots Corporation,Canada,TO,CAD,Common Stock,CA7766521099
912,RPI-UN.TO,Richards Packaging Income Fund,Canada,TO,CAD,Common Stock,
913,RS.TO,Real Estate & E-Commerce Split Corp,Canada,TO,CAD,Common Stock,CA75586E1034
914,RS-PA.TO,Real Estate & E-Comm Split Corp,Canada,TO,CAD,Common Stock,
915,RSI.TO,Rogers Sugar Inc,Canada,TO,CAD,Common Stock,CA77519R1029
916,RTG.TO,RTG Mining Inc,Canada,TO,CAD,Common Stock,VGG7707W1529
917,RUS.TO,Russel Metals Inc,Canada,TO,CAD,Common Stock,CA7819036046
918,RVX.TO,Resverlogix Corp,Canada,TO,CAD,Common Stock,CA76128M1086
919,RY.TO,Royal Bank of Canada,Canada,TO,CAD,Common Stock,CA7800871021
920,RY-PH.TO,RY-PH,Canada,TO,CAD,Common Stock,
921,RY-PJ.TO,Royal Bank of Canada,Canada,TO,CAD,Common Stock,
922,RY-PM.TO,Royal Bank of Canada,Canada,TO,CAD,Common Stock,
923,RY-PN.TO,RY-PN,Canada,TO,CAD,Common Stock,
924,RY-PO.TO,Royal Bank of Canada,Canada,TO,CAD,Common Stock,
925,RY-PR.TO,Royal Bank of Canada,Canada,TO,CAD,Common Stock,
926,RY-PS.TO,Royal Bank of Canada,Canada,TO,CAD,Common Stock,
927,S.TO,Sherritt International Corporation,Canada,TO,CAD,Common Stock,CA8239011031
928,SAM.TO,Starcore International Mines Ltd,Canada,TO,CAD,Common Stock,CA85525T2020
929,SAP.TO,Saputo Inc,Canada,TO,CAD,Common Stock,CA8029121057
930,SAU.TO,St. Augustine Gold and Copper Limited,Canada,TO,CAD,Common Stock,VGG8448A1030
931,SBB.TO,Sabina Gold & Silver Corp,Canada,TO,CAD,Common Stock,CA7852461093
932,SBC.TO,Brompton Split Banc Corp,Canada,TO,CAD,Common Stock,CA11221E1097
933,SBI.TO,Serabi Gold plc,Canada,TO,CAD,Common Stock,GB00BG5NDX91
934,SBN.TO,Mulvihill S Split Corp,Canada,TO,CAD,Common Stock,CA7847321097
935,SBN-PA.TO,SBN-PA,Canada,TO,CAD,Common Stock,
936,SBR.TO,Silver Bear Resources Plc,Canada,TO,CAD,Common Stock,GB00BF2P1260
937,SBT.TO,Purpose Silver Bullion Fund,Canada,TO,CAD,Common Stock,CA74641C1032
938,SCL.TO,Shawcor Ltd,Canada,TO,CAD,Common Stock,CA8204391079
939,SCR.TO,Score Media and Gaming Inc,Canada,TO,CAD,Common Stock,CA80919D2023
940,SCY.TO,Scandium International Mining Corp,Canada,TO,CAD,Common Stock,CA80600L1094
941,SDE.TO,Spartan Delta Corp.,Canada,TO,CAD,Common Stock,
942,SEA.TO,Seabridge Gold Inc,Canada,TO,CAD,Common Stock,CA8119161054
943,SEC.TO,Senvest Capital Inc,Canada,TO,CAD,Common Stock,CA81731L1094
944,SES.TO,Secure Energy Services Inc,Canada,TO,CAD,Common Stock,CA81373C1023
945,SFC.TO,Sagicor Financial Company Ltd,Canada,TO,CAD,Common Stock,BM78669Q1007
946,SFD.TO,NXT Energy Solutions Inc,Canada,TO,CAD,Common Stock,CA62948Q1072
947,SGQ.TO,SouthGobi Resources Ltd,Canada,TO,CAD,Common Stock,CA8443751059
948,SGR-R.TO,Slate Grocery REIT,Canada,TO,CAD,Common Stock,
949,SGR-U.TO,Slate Grocery REIT,Canada,TO,USD,Common Stock,
950,SGR-UN.TO,Slate Grocery REIT,Canada,TO,CAD,Common Stock,CA8310221160
951,SGY.TO,Surge Energy Inc,Canada,TO,CAD,Common Stock,CA86880Y1097
952,SHLE.TO,Source Energy Services Ltd,Canada,TO,CAD,Common Stock,CA83615X4075
953,SHOP.TO,Shopify Inc,Canada,TO,CAD,Common Stock,CA82509L1076
954,SIA.TO,Sienna Senior Living Inc,Canada,TO,CAD,Common Stock,CA82621K1021
955,SIH-UN.TO,Sustainable Innovation & Health Dividend Fund,Canada,TO,CAD,Common Stock,
956,SII.TO,Sprott Inc,Canada,TO,CAD,Common Stock,CA8520662088
957,SIL.TO,SilverCrest Metals Inc,Canada,TO,CAD,Common Stock,CA8283631015
958,SIS.TO,Savaria Corporation,Canada,TO,CAD,Common Stock,CA8051121090
959,SIXT.TO,Evolve S&P/TSX 60 CleanBeta Fund,Canada,TO,CAD,Common Stock,
960,SJ.TO,Stella-Jones Inc,Canada,TO,CAD,Common Stock,CA85853F1053
961,SJR-B.TO,Shaw Communications Inc,Canada,TO,CAD,Common Stock,CA82028K2002
962,SKE.TO,Skeena Resources Limited,Canada,TO,CAD,Common Stock,CA83056P7157
963,SLF.TO,Sun Life Financial Inc,Canada,TO,CAD,Common Stock,CA8667961053
964,SLF-PB.TO,Sun Life Financial Inc,Canada,TO,CAD,Common Stock,
965,SLF-PJ.TO,Sun Life Financial Inc,Canada,TO,CAD,Common Stock,
966,SLF-PK.TO,Sun Life Financial Inc,Canada,TO,CAD,Common Stock,
967,SLR.TO,Solitario Zinc Corp,Canada,TO,CAD,Common Stock,US8342EP1070
968,SLS.TO,Solaris Resources Inc,Canada,TO,CAD,Common Stock,CA83419D2014
969,SMC.TO,Sulliden Mining Capital Inc,Canada,TO,CAD,Common Stock,CA8651251081
970,SMT.TO,Sierra Metals Inc,Canada,TO,CAD,Common Stock,CA82639W1068
971,SMU-UN.TO,Summit Industrial Income REIT,Canada,TO,CAD,Common Stock,CA8661201167
972,SNC.TO,SNC-Lavalin Group Inc,Canada,TO,CAD,Common Stock,CA78460T1057
973,SOLG.TO,SolGold Plc,Canada,TO,CAD,Common Stock,GB00B0WD0R35
974,SOT-UN.TO,Slate Office REIT,Canada,TO,CAD,Common Stock,CA8310211005
975,SOY.TO,SunOpta Inc,Canada,TO,CAD,Common Stock,CA8676EP1086
976,SPB.TO,Superior Plus Corp,Canada,TO,CAD,Common Stock,CA86828P1036
977,SPG.TO,Spark Power Group Inc,Canada,TO,CAD,Common Stock,CA84651C1095
978,SPPP.TO,Sprott Physical Platinum and Palladium Trust,Canada,TO,CAD,Common Stock,
979,SPPP-U.TO,SPPP-U,Canada,TO,USD,Common Stock,
980,SRU-UN.TO,SmartCentres Real Estate Investment Trust,Canada,TO,CAD,Common Stock,CA83179X1087
981,SRV-UN.TO,SIR Royalty Income Fund,Canada,TO,CAD,Common Stock,
982,SRX.TO,Storm Resources Ltd,Canada,TO,CAD,Common Stock,CA86221R1029
983,SSL.TO,Sandstorm Gold Ltd,Canada,TO,CAD,Common Stock,CA80013R2063
984,SSRM.TO,SSR Mining Inc,Canada,TO,CAD,Common Stock,CA7847301032
985,STCK.TO,Stack Capital Grp Inc,Canada,TO,CAD,Common Stock,
986,STEP.TO,STEP Energy Services Ltd,Canada,TO,CAD,Common Stock,CA85859H1055
987,STGO.TO,Steppe Gold Ltd,Canada,TO,CAD,Common Stock,CA85913R2063
988,STLC.TO,Stelco Holdings Inc,Canada,TO,CAD,Common Stock,CA8585221051
989,STN.TO,Stantec Inc,Canada,TO,CAD,Common Stock,CA85472N1096
990,SU.TO,Suncor Energy Inc,Canada,TO,CAD,Common Stock,CA8672241079
991,SVB.TO,Silver Bull Resources Inc,Canada,TO,CAD,Common Stock,US8274582092
992,SVM.TO,Silvercorp Metals Inc,Canada,TO,CAD,Common Stock,CA82835P1036
993,SW.TO,Sierra Wireless Inc,Canada,TO,CAD,Common Stock,CA8265161064
994,SWP.TO,Swiss Water Decaffeinated Coffee Inc,Canada,TO,CAD,Common Stock,CA8710031094
995,SXI.TO,Synex International Inc,Canada,TO,CAD,Common Stock,CA87160L1067
996,SXP.TO,Supremex Inc,Canada,TO,CAD,Common Stock,CA86863R1055
997,SYLD.TO,Purpose Strategic Yield Fund,Canada,TO,CAD,Common Stock,CA74641N1096
998,SYZ.TO,Sylogist Ltd.,Canada,TO,CAD,Common Stock,CA87132P1027
999,SZLS.TO,StageZero Life Sciences Ltd,Canada,TO,CAD,Common Stock,CA8525403017
1000,T.TO,TELUS Corporation,Canada,TO,CAD,Common Stock,CA87971M1032
1001,TA.TO,TransAlta Corporation,Canada,TO,CAD,Common Stock,CA89346D1078
1002,TA-PE.TO,TA-PE,Canada,TO,CAD,Common Stock,
1003,TAIG.TO,Taiga Motors Corp,Canada,TO,CAD,Common Stock,CA87402F1071
1004,TBL.TO,Taiga Building Products Ltd,Canada,TO,CAD,Common Stock,CA87402A1084
1005,TBP.TO,Tetra Bio-Pharma Inc,Canada,TO,CAD,Common Stock,CA88166Y1007
1006,TC.TO,Tucows Inc,Canada,TO,CAD,Common Stock,US8986972060
1007,TCL-A.TO,Transcontinental Inc,Canada,TO,CAD,Common Stock,CA8935781044
1008,TCL-B.TO,Transcontinental Inc,Canada,TO,CAD,Common Stock,
1009,TCN.TO,Tricon Residential Inc,Canada,TO,CAD,Common Stock,CA89612W1023
1010,TCS.TO,Tecsys Inc,Canada,TO,CAD,Common Stock,CA8789501043
1011,TCW.TO,Trican Well Service Ltd,Canada,TO,CAD,Common Stock,CA8959451037
1012,TD.TO,The Toronto-Dominion Bank,Canada,TO,CAD,Common Stock,CA8911605092
1013,TD-PFA.TO,The Toronto-Dominion Bank 5 YR RST PFD 1,Canada,TO,CAD,Common Stock,
1014,TD-PFB.TO,The Toronto-Dominion Bank,Canada,TO,CAD,Common Stock,
1015,TD-PFC.TO,The Toronto-Dominion Bank PFD SER 5,Canada,TO,CAD,Common Stock,
1016,TD-PFD.TO,The Toronto-Dominion Bank,Canada,TO,CAD,Common Stock,
1017,TD-PFE.TO,The Toronto-Dominion Bank PFD SER 9 3.7%,Canada,TO,CAD,Common Stock,
1018,TD-PFH.TO,The Toronto-Dominion Bank,Canada,TO,CAD,Common Stock,
1019,TD-PFI.TO,The Toronto-Dominion Bank,Canada,TO,CAD,Common Stock,
1020,TD-PFJ.TO,The Toronto-Dominion Bank NCUM 5Y PFD SR18,Canada,TO,CAD,Common Stock,
1021,TD-PFK.TO,The Toronto-Dominion Bank,Canada,TO,CAD,Common Stock,
1022,TD-PFL.TO,The Toronto-Dominion Bank,Canada,TO,CAD,Common Stock,
1023,TD-PFM.TO,The Toronto-Dominion Bank,Canada,TO,CAD,Common Stock,
1024,TECK-A.TO,Teck Resources Limited,Canada,TO,CAD,Common Stock,
1025,TECK-B.TO,Teck Resources Limited,Canada,TO,CAD,Common Stock,CA8787422044
1026,TF.TO,Timbercreek Financial Corp,Canada,TO,CAD,Common Stock,CA88709B1040
1027,TFII.TO,TFI International Inc,Canada,TO,CAD,Common Stock,CA87241L1094
1028,TGL.TO,TransGlobe Energy Corporation,Canada,TO,CAD,Common Stock,CA8936621066
1029,TGO.TO,TeraGo Inc,Canada,TO,CAD,Common Stock,CA88079F1071
1030,TGOD.TO,The Green Organic Dutchman Holdings Ltd,Canada,TO,CAD,Common Stock,CA3932102088
1031,TH.TO,Theratechnologies Inc,Canada,TO,CAD,Common Stock,CA88338H1001
1032,TI.TO,Titan Mining Corporation,Canada,TO,CAD,Common Stock,CA88831L1031
1033,TIH.TO,Toromont Industries Ltd,Canada,TO,CAD,Common Stock,CA8911021050
1034,TIXT.TO,TELUS International,Canada,TO,CAD,Common Stock,CA87975H1001
1035,TKO.TO,Taseko Mines Limited,Canada,TO,CAD,Common Stock,CA8765111064
1036,TLG.TO,Troilus Gold Corp,Canada,TO,CAD,Common Stock,CA8968871068
1037,TLO.TO,Talon Metals Corp,Canada,TO,CAD,Common Stock,VGG866591024
1038,TLRY.TO,Tilray Inc,Canada,TO,CAD,Common Stock,US88688T1007
1039,TMD.TO,Titan Medical Inc,Canada,TO,CAD,Common Stock,CA88830X8199
1040,TML.TO,Treasury Metals Inc,Canada,TO,CAD,Common Stock,CA8946478259
1041,TMQ.TO,Trilogy Metals Inc,Canada,TO,CAD,Common Stock,CA89621C1059
1042,TNT-UN.TO,True North Commercial Real Estate Investment Trust,Canada,TO,CAD,Common Stock,CA89784Y2096
1043,TNX.TO,Tanzanian Gold Corporation,Canada,TO,CAD,Common Stock,CA87601A1075
1044,TOT.TO,Total Energy Services Inc,Canada,TO,CAD,Common Stock,CA89154B1022
1045,TOU.TO,Tourmaline Oil Corp,Canada,TO,CAD,Common Stock,CA89156V1067
1046,TOY.TO,Spin Master Corp,Canada,TO,CAD,Common Stock,CA8485101031
1047,TRI.TO,Thomson Reuters Corporation,Canada,TO,CAD,Common Stock,CA8849037095
1048,TRIL.TO,Trillium Therapeutics Inc,Canada,TO,CAD,Common Stock,CA89620X5064
1049,TRL.TO,Trilogy International Partners Inc,Canada,TO,CAD,Common Stock,CA89621T1084
1050,TRP.TO,TC Energy Corporation,Canada,TO,CAD,Common Stock,CA87807B1076
1051,TRP-PE.TO,TRP-PE,Canada,TO,CAD,Common Stock,
1052,TRP-PF.TO,TC Energy Corporation,Canada,TO,CAD,Common Stock,
1053,TRP-PG.TO,TRP-PG,Canada,TO,CAD,Common Stock,
1054,TRP-PH.TO,TRP-PH,Canada,TO,CAD,Common Stock,
1055,TRP-PI.TO,TRP-PI,Canada,TO,CAD,Common Stock,
1056,TRP-PK.TO,TC Energy Corporation,Canada,TO,CAD,Common Stock,
1057,TRQ.TO,Turquoise Hill Resources Ltd,Canada,TO,CAD,Common Stock,CA9004352071
1058,TRZ.TO,Transat A.T. Inc,Canada,TO,CAD,Common Stock,CA89351T4019
1059,TS-B.TO,Torstar Corporation,Canada,TO,CAD,Common Stock,
1060,TSK.TO,Talisker Resources Ltd,Canada,TO,CAD,Common Stock,CA87425A1012
1061,TSL.TO,Tree Island Steel Ltd,Canada,TO,CAD,Common Stock,CA89467Q2009
1062,TSU.TO,Trisura Group Ltd,Canada,TO,CAD,Common Stock,CA89679A2092
1063,TV.TO,Trevali Mining Corporation,Canada,TO,CAD,Common Stock,CA89531J1093
1064,TVA-B.TO,TVA Group Inc,Canada,TO,CAD,Common Stock,
1065,TVE.TO,Tamarack Valley Energy Ltd,Canada,TO,CAD,Common Stock,CA87505Y4094
1066,TVK.TO,TerraVest Industries Inc,Canada,TO,CAD,Common Stock,CA88105G1037
1067,TWC.TO,TWC Enterprises Limited,Canada,TO,CAD,Common Stock,CA87310A1093
1068,TWM.TO,Tidewater Midstream and Infrastructure Ltd,Canada,TO,CAD,Common Stock,CA8864531097
1069,TXG.TO,Torex Gold Resources Inc,Canada,TO,CAD,Common Stock,CA8910546032
1070,TXP.TO,Touchstone Exploration Inc,Canada,TO,CAD,Common Stock,CA89156L1085
1071,TXT-UN.TO,Top 10 Split Trust,Canada,TO,CAD,Common Stock,
1072,TZS.TO,Standard Mercantile Acquisition Corp,Canada,TO,CAD,Common Stock,CA89532C1032
1073,U.TO,Uranium Participation Corporation,Canada,TO,CAD,Common Stock,CA85210A1049
1074,U-U.TO,Sprott Physical Uranium Trust,Canada,TO,USD,Common Stock,
1075,UDA.TO,Caldwell U.S. Dividend Advantage Fund,Canada,TO,CAD,Common Stock,
1076,UEX.TO,UEX Corporation,Canada,TO,CAD,Common Stock,CA9026661061
1077,UFS.TO,Domtar Corporation,Canada,TO,CAD,Common Stock,US2575592033
1078,UNC.TO,United Corporations Limited,Canada,TO,CAD,Common Stock,CA9101442031
1079,UNI.TO,Unisync Corp,Canada,TO,CAD,Common Stock,CA90922H2072
1080,UNS.TO,Uni-Select Inc,Canada,TO,CAD,Common Stock,CA90457D1006
1081,URB.TO,Urbana Corporation,Canada,TO,CAD,Common Stock,CA91707P1099
1082,URB-A.TO,Urbana Corporation,Canada,TO,CAD,Common Stock,
1083,URE.TO,Ur-Energy Inc,Canada,TO,CAD,Common Stock,CA91688R1082
1084,USA.TO,Americas Gold and Silver Corporation,Canada,TO,CAD,Common Stock,CA03062D1006
1085,VALT.TO,CI Gold Bullion Fund,Canada,TO,CAD,Common Stock,
1086,VALT-U.TO,CI Gold Bullion Fund,Canada,TO,CAD,Common Stock,
1087,VB.TO,VersaBank,Canada,TO,CAD,Common Stock,CA92512J1066
1088,VB-PA.TO,VB-PA,Canada,TO,CAD,Common Stock,
1089,VCM.TO,Vecima Networks Inc,Canada,TO,CAD,Common Stock,CA92241Y1016
1090,VET.TO,Vermilion Energy Inc,Canada,TO,CAD,Common Stock,CA9237251058
1091,VFF.TO,Village Farms International Inc,Canada,TO,CAD,Common Stock,CA92707Y1088
1092,VGCX.TO,Victoria Gold Corp,Canada,TO,CAD,Common Stock,CA92625W5072
1093,VGZ.TO,Vista Gold Corp,Canada,TO,CAD,Common Stock,CA9279263037
1094,VIVO.TO,VIVO Cannabis Inc,Canada,TO,CAD,Common Stock,CA92845J1049
1095,VLE.TO,Valeura Energy Inc,Canada,TO,CAD,Common Stock,CA9191444020
1096,VLN.TO,Velan Inc,Canada,TO,CAD,Common Stock,CA9229321083
1097,VLNS.TO,The Valens Company Inc,Canada,TO,CAD,Common Stock,CA91914P1080
1098,VMD.TO,Viemed Healthcare Inc,Canada,TO,CAD,Common Stock,CA92663R1055
1099,VMH-U.TO,VM Hotel Acquisition Corp,Canada,TO,USD,Common Stock,
1100,VNP.TO,5N Plus Inc,Canada,TO,CAD,Common Stock,CA33833X1015
1101,VQS.TO,Viq Solutions Inc,Canada,TO,CAD,Common Stock,CA91825V4001
1102,VWE-U.TO,Vintage Wine Estates Inc,Canada,TO,USD,Common Stock,
1103,W-PM.TO,Westcoast Energy Inc,Canada,TO,CAD,Common Stock,
1104,WBR.TO,Waterloo Brewing Ltd,Canada,TO,CAD,Common Stock,CA94155W1059
1105,WCM-A.TO,Wilmington Capital Management Inc,Canada,TO,CAD,Common Stock,
1106,WCN.TO,Waste Connections Inc,Canada,TO,CAD,Common Stock,CA94106B1013
1107,WCP.TO,Whitecap Resources Inc,Canada,TO,CAD,Common Stock,CA96467A2002
1108,WDO.TO,Wesdome Gold Mines Ltd,Canada,TO,CAD,Common Stock,CA95083R1001
1109,WEED.TO,Canopy Growth Corporation,Canada,TO,CAD,Common Stock,CA1380351009
1110,WEF.TO,Western Forest Products Inc,Canada,TO,CAD,Common Stock,CA9582112038
1111,WELL.TO,WELL Health Technologies Corp,Canada,TO,CAD,Common Stock,CA94947L1022
1112,WFC.TO,Wall Financial Corporation,Canada,TO,CAD,Common Stock,CA9319021007
1113,WFG.TO,West Fraser Timber Co Ltd,Canada,TO,CAD,Common Stock,CA9528451052
1114,WFS.TO,World Financial Split Corp,Canada,TO,CAD,Common Stock,CA98146P3016
1115,WILD.TO,WildBrain Ltd,Canada,TO,CAD,Common Stock,CA96810C1014
1116,WIR-U.TO,WPT Industrial Real Estate Investment Trust,Canada,TO,USD,Common Stock,
1117,WIR-UN.TO,WPT Industrial Real Estate Investment Trust,Canada,TO,CAD,Common Stock,
1118,WJX.TO,Wajax Corporation,Canada,TO,CAD,Common Stock,CA9307831052
1119,WLLW.TO,Willow Biosciences Inc,Canada,TO,CAD,Common Stock,CA97111B4047
1120,WM.TO,Wallbridge Mining Company Limited,Canada,TO,CAD,Common Stock,CA9323971023
1121,WN.TO,George Weston Limited,Canada,TO,CAD,Common Stock,CA9611485090
1122,WOMN.TO,BMO Women in Leadership Fund,Canada,TO,CAD,Common Stock,CA05586T1075
1123,WPK.TO,Winpak Ltd,Canada,TO,CAD,Common Stock,CA97535P1045
1124,WPM.TO,Wheaton Precious Metals Corp,Canada,TO,CAD,Common Stock,CA9628791027
1125,WPRT.TO,Westport Fuel Systems Inc,Canada,TO,CAD,Common Stock,CA9609083097
1126,WRG.TO,Western Energy Services Corp,Canada,TO,CAD,Common Stock,CA9581593030
1127,WRN.TO,Western Copper and Gold Corporation,Canada,TO,CAD,Common Stock,CA95805V1085
1128,WRX.TO,Western Resources Corp,Canada,TO,CAD,Common Stock,CA95942C1041
1129,WSP.TO,WSP Global Inc,Canada,TO,CAD,Common Stock,CA92938W2022
1130,WTE.TO,Westshore Terminals Investment Corporation,Canada,TO,CAD,Common Stock,CA96145A2002
1131,X.TO,TMX Group Limited,Canada,TO,CAD,Common Stock,CA87262K1057
1132,XAM.TO,Xanadu Mines Limited,Canada,TO,CAD,Common Stock,AU000000XAM0
1133,XAU.TO,Goldmoney Inc,Canada,TO,CAD,Common Stock,CA38149A1093
1134,XBC.TO,Xebec Adsorption Inc,Canada,TO,CAD,Common Stock,CA9838911027
1135,XCT.TO,exactEarth Ltd,Canada,TO,CAD,Common Stock,CA30064C1032
1136,XLY.TO,Auxly Cannabis Group Inc,Canada,TO,CAD,Common Stock,CA05335P1099
1137,XMF-A.TO,M Split Corp,Canada,TO,CAD,Common Stock,
1138,XTC.TO,Exco Technologies Limited,Canada,TO,CAD,Common Stock,CA30150P1099
1139,XTD.TO,TDb Split Corp,Canada,TO,CAD,Common Stock,CA87234Y2096
1140,XTG.TO,Xtra-Gold Resources Corp,Canada,TO,CAD,Common Stock,VGG9829R1038
1141,Y.TO,Yellow Pages Limited,Canada,TO,CAD,Common Stock,CA9855721069
1142,YCM.TO,New Commerce Split Fund,Canada,TO,CAD,Common Stock,CA2007018039
1143,YGR.TO,Yangarra Resources Ltd,Canada,TO,CAD,Common Stock,CA98474P5013
1144,YRB.TO,Yorbeau Resources Inc,Canada,TO,CAD,Common Stock,CA9861913023
1145,YRI.TO,Yamana Gold Inc,Canada,TO,CAD,Common Stock,CA98462Y1007
1146,ZACE.TO,BMO U.S. All Cap Equity Fund,Canada,TO,CAD,Common Stock,
1147,ZCPB.TO,BMO Mutual Funds - BMO Core Plus Bond Fund,Canada,TO,CAD,Common Stock,CA0556561029
1148,ZFC.TO,BMO SIA Focused Canadian Equity Fund,Canada,TO,CAD,Common Stock,CA09661H1038
1149,ZFN.TO,BMO SIA Focused North American Equity Fund,Canada,TO,CAD,Common Stock,CA09661G1054
1150,ZGSB.TO,BMO Global Strategic Bond Fund,Canada,TO,CAD,Common Stock,CA09660D1033
1151,ZHU.TO,BMO Equal Weight US Health Care Index,Canada,TO,CAD,Common Stock,CA05586K1066
1152,ZMSB.TO,BMO Global Multi-Sector Bond Fund,Canada,TO,CAD,Common Stock,CA05585W1014
1153,ZZZ.TO,Sleep Country Canada Holdings Inc,Canada,TO,CAD,Common Stock,CA83125J1049
